# 🔔 New career-page entries — 2026-06-29T06:29:28

## Infibeam AvenuesAI — Gandhinagar
<https://www.avenuesai.com/career-opportunities>

- Apply Now!
- Business Analyst
- Business Analyst will work alongside other business analysts and report directly to the project/product
- DATABASE DEVELOPER
- Database manager’s task will include managing a team Of professional DBAS and developers to ensure
- Devops
- Full Stack Developer
- Java Technical Lead will be responsible for providing solutions for technical issues which may affect
- Java Technical Lead, you should demonstrate sound knowledge of industry best practices, good
- Lead
- Manager- Database
- Project Manager
- Project manager will be responsible for planning and overseeing projects to ensure they are
- Proven experience as a Full Stack Developer or similar role
- Require full stack developers for developing scalable solutions. Developer will be part of a cross functional
- We expect the developer to be comfortable with both front-end and back-end coding languages,
- We require a DevOps Engineer proficient in the below tasks:
- 🎓 Whether you are a fresher or a young professional, there are several doors waiting for you to start your journey with us.
- completed in a timely fashion and within budget. Project manager will plan and designate project
- product delivery. The Java Technical Lead will facilitate requirement analyses, conduct peer reviews and provide feedback.

## Silver Touch Technologies — Gandhinagar
<https://www.silvertouch.com/career/>

- .Net developer
- .Net developer, Gandhinagar, India
- Apply
- Apply for the Post *
- Business Analyst
- Business Analyst, Ahmedabad, India
- Business Analyst, Gandhinagar, India
- Enterprise DevOps
- SAP Analytics Cloud (SAC) Consultant
- SAP Analytics Cloud (SAC) Consultant, Ahmedabad, India
- SAP B1 Technical Consultant
- SAP B1 Technical Consultant , Ahmedabad, India
- SAP BASIS & Security Consultant — SAP Cloud ERP
- SAP BASIS & Security Consultant — SAP Cloud ERP, Ahmedabad, India
- Sales Executive
- Sales Executive, Ahmedabad, India

## Dev Information Technology — Gandhinagar
<https://www.devitpl.com/careers/>

- 6. Azure DevOps for code repository, branching, CI/CD pipelines, and work item tracking
- AWS, Azure, Windows, Linux, CI/CD, DevOps, Prometheus, Grafana
- Ability to motivate and lead teams through technical challenges and change.
- Adhere to compliance and governance standards and report any non-compliances to the manager
- Azure Cyber Security Architect
- 🎓 Azure Security Engineer Associate
- Collaborate with IT, DevOps, and business units to mitigate identified vulnerabilities effectively.
- Demonstrate knowledge of DevOps tool chains and processes
- Experience with Agile project management and a basic understanding of DevOps practices.
- Front Desk Executive
- Lead Developer
- Lead incident response efforts for high-severity security events and coordinate with stakeholders for containment and remediation.
- Lead the definition and development of cloud reference architecture and management systems
- 🎓 MCSA Cloud Platform Solutions Associate / AWS SysOps
- MCSE Cloud Platform and Infrastructure / AWS Professional Solution Architect
- 🎓 Microsoft 365 Certified: Modern Desktop Administrator Associate
- 🎓 Microsoft Certified Solution Associate: Windows Server 2016
- 🎓 Microsoft Certified: Windows Server Hybrid Administrator Associate
- SRE (Site Reliability Engineer)
- Senior Full stack Developer (MERN +AI)
- Should apply Networking principles: TCP/IP, Routers, Firewalls, Switches, Load Balancers, VPNs
- Software Developer
- Software Developer (DotNet)
- Sr. Security Analyst
- Stay up to date with the latest developments in Agentic AI and apply new knowledge to future projects.
- Technical Project Manager (AI)
- Technical Support Executive

## Accenture — Bengaluru
<https://www.accenture.com/in-en/careers/jobsearch?fl=Bengaluru>

- 🎓 IMU Sales Capture Associate Director
- 🎓 Sales Capture Associate Director
- 🎓 Strategy Innovation Associate Director
- 🎓 Workplace Service Delivery Associate Manager
- 🎓 Workplace Service Delivery Associate Manager-Events

## Accenture — Hyderabad
<https://www.accenture.com/in-en/careers/jobsearch?fl=Hyderabad>

- 🎓 IMU Sales Capture Associate Director
- 🎓 Sales Capture Associate Director
- 🎓 Strategy Innovation Associate Director
- 🎓 Workplace Service Delivery Associate Manager
- 🎓 Workplace Service Delivery Associate Manager-Events

## Accenture — Pune
<https://www.accenture.com/in-en/careers/jobsearch?fl=Pune>

- 🎓 IMU Sales Capture Associate Director
- 🎓 Sales Capture Associate Director
- 🎓 Strategy Innovation Associate Director
- 🎓 Workplace Service Delivery Associate Manager
- 🎓 Workplace Service Delivery Associate Manager-Events

## Accenture — Gurugram
<https://www.accenture.com/in-en/careers/jobsearch?fl=Gurugram>

- 🎓 IMU Sales Capture Associate Director
- 🎓 Sales Capture Associate Director
- 🎓 Strategy Innovation Associate Director
- 🎓 Workplace Service Delivery Associate Manager
- 🎓 Workplace Service Delivery Associate Manager-Events

# 🔔 New career-page entries — 2026-06-29T15:47:39

## Accenture — Bengaluru
<https://www.accenture.com/in-en/careers/jobsearch?fl=Bengaluru>

- 🎓 IMU Sales Capture Associate Director
- 🎓 Sales Capture Associate Director
- 🎓 Strategy Innovation Associate Director
- 🎓 Workplace Service Delivery Associate Manager
- 🎓 Workplace Service Delivery Associate Manager-Events

## Accenture — Hyderabad
<https://www.accenture.com/in-en/careers/jobsearch?fl=Hyderabad>

- 🎓 IMU Sales Capture Associate Director
- 🎓 Sales Capture Associate Director
- 🎓 Strategy Innovation Associate Director
- 🎓 Workplace Service Delivery Associate Manager
- 🎓 Workplace Service Delivery Associate Manager-Events

## Accenture — Pune
<https://www.accenture.com/in-en/careers/jobsearch?fl=Pune>

- 🎓 IMU Sales Capture Associate Director
- 🎓 Sales Capture Associate Director
- 🎓 Strategy Innovation Associate Director
- 🎓 Workplace Service Delivery Associate Manager
- 🎓 Workplace Service Delivery Associate Manager-Events

## Accenture — Gurugram
<https://www.accenture.com/in-en/careers/jobsearch?fl=Gurugram>

- 🎓 IMU Sales Capture Associate Director
- 🎓 Sales Capture Associate Director
- 🎓 Strategy Innovation Associate Director
- 🎓 Workplace Service Delivery Associate Manager
- 🎓 Workplace Service Delivery Associate Manager-Events

## Brainvire — Ahmedabad
<https://www.brainvire.com/freshers/>

- 🎓 If you’d like to apply for a FRESHER position at Brainvire, fill out the form.

## Peoplebox — Bengaluru
<https://www.peoplebox.ai/careers>

- 🎓 Associate Product Manager (APM) 54 days ago BANGALORE Full Time
- Content Marketing Manager 329 days ago BANGALORE 4-6 Full Time
- SEO Lead 213 days ago BANGALORE 4-6 Full Time
- Senior Backend Engineer 325 days ago BANGALORE 5-9 Full Time
- Talent Acquisition Lead 103 days ago BANGALORE 5+ Full Time

## Swiggy — Bengaluru
<https://careers.swiggy.com/>

- Key Account Manager I
- Lead - Ad Operations
- Sales Manager I
- Sales Manager II

## Delhivery — Gurugram
<https://www.delhivery.com/careers>

- Developer Documentation

## ShareChat — Bengaluru
<https://sharechat.com/careers>

- 🎓 Intern - Telugu - Business Development(Sales)
- 🎓 Intern - Video Editor
- Lead - Legal & Company Secretary
- Manager - Corporate Development & IR
- 🎓 Senior Associate-Finance
- Senior Product Designer - IC

# 🔔 New career-page entries — 2026-06-29T19:58:29

## Accenture — Bengaluru
<https://www.accenture.com/in-en/careers/jobsearch?fl=Bengaluru>

- 🎓 Packaged Application Development Associate Manager
- 🎓 Software/Application/Cloud Tech Support Associate

## Accenture — Hyderabad
<https://www.accenture.com/in-en/careers/jobsearch?fl=Hyderabad>

- 🎓 Packaged Application Development Associate Manager
- 🎓 Software/Application/Cloud Tech Support Associate

## Accenture — Pune
<https://www.accenture.com/in-en/careers/jobsearch?fl=Pune>

- 🎓 Packaged Application Development Associate Manager
- 🎓 Software/Application/Cloud Tech Support Associate

## Accenture — Gurugram
<https://www.accenture.com/in-en/careers/jobsearch?fl=Gurugram>

- 🎓 Packaged Application Development Associate Manager
- 🎓 Software/Application/Cloud Tech Support Associate

## Darwinbox — Hyderabad
<https://darwinbox.com/careers>

- 🎓 Associate Sales Director
- Product Marketing Lead

# 🔔 New career-page entries — 2026-06-30T03:39:37

## Accenture — Bengaluru
<https://www.accenture.com/in-en/careers/jobsearch?fl=Bengaluru>

- 🎓 Inbound Sales Representative Associate
- 🎓 Inbound Sales Representative Associate-Voice
- 🎓 Procure to Pay Operations Associate
- 🎓 Procure to Pay Operations New Associate

## Accenture — Hyderabad
<https://www.accenture.com/in-en/careers/jobsearch?fl=Hyderabad>

- 🎓 Inbound Sales Representative Associate
- 🎓 Inbound Sales Representative Associate-Voice
- 🎓 Procure to Pay Operations Associate
- 🎓 Procure to Pay Operations New Associate

## Accenture — Pune
<https://www.accenture.com/in-en/careers/jobsearch?fl=Pune>

- 🎓 Inbound Sales Representative Associate
- 🎓 Inbound Sales Representative Associate-Voice
- 🎓 Procure to Pay Operations Associate
- 🎓 Procure to Pay Operations New Associate

## Accenture — Gurugram
<https://www.accenture.com/in-en/careers/jobsearch?fl=Gurugram>

- 🎓 Inbound Sales Representative Associate
- 🎓 Inbound Sales Representative Associate-Voice
- 🎓 Procure to Pay Operations Associate
- 🎓 Procure to Pay Operations New Associate

## Tech Mahindra — India
<https://careers.techmahindra.com/>

- 🎓 Associate Security Consultant

## Peoplebox — Bengaluru
<https://www.peoplebox.ai/careers>

- 🎓 Associate Product Manager (APM) 55 days ago BANGALORE Full Time
- Content Marketing Manager 330 days ago BANGALORE 4-6 Full Time
- SEO Lead 214 days ago BANGALORE 4-6 Full Time
- Senior Backend Engineer 326 days ago BANGALORE 5-9 Full Time
- Talent Acquisition Lead 104 days ago BANGALORE 5+ Full Time

# 🔔 New career-page entries — 2026-06-30T09:36:27

## Accenture — Bengaluru
<https://www.accenture.com/in-en/careers/jobsearch?fl=Bengaluru>

- 🎓 IMU Sales Capture Associate Director
- 🎓 Sales Capture Associate Director
- 🎓 Strategy Innovation Associate Director
- 🎓 Workplace Service Delivery Associate Manager
- 🎓 Workplace Service Delivery Associate Manager-Events

## Accenture — Hyderabad
<https://www.accenture.com/in-en/careers/jobsearch?fl=Hyderabad>

- 🎓 IMU Sales Capture Associate Director
- 🎓 Sales Capture Associate Director
- 🎓 Strategy Innovation Associate Director
- 🎓 Workplace Service Delivery Associate Manager
- 🎓 Workplace Service Delivery Associate Manager-Events

## Accenture — Pune
<https://www.accenture.com/in-en/careers/jobsearch?fl=Pune>

- 🎓 IMU Sales Capture Associate Director
- 🎓 Sales Capture Associate Director
- 🎓 Strategy Innovation Associate Director
- 🎓 Workplace Service Delivery Associate Manager
- 🎓 Workplace Service Delivery Associate Manager-Events

## Accenture — Gurugram
<https://www.accenture.com/in-en/careers/jobsearch?fl=Gurugram>

- 🎓 IMU Sales Capture Associate Director
- 🎓 Sales Capture Associate Director
- 🎓 Strategy Innovation Associate Director
- 🎓 Workplace Service Delivery Associate Manager
- 🎓 Workplace Service Delivery Associate Manager-Events

## Swiggy — Bengaluru
<https://careers.swiggy.com/>

- Senior Area Sales Manager

## Meesho — Bengaluru
<https://www.meesho.io/jobs>

- Data Scientist III Tech Bangalore, Karnataka

# 🔔 New career-page entries — 2026-06-30T14:19:24

## Tech Mahindra — India
<https://careers.techmahindra.com/>

- 🎓 Associate Security Architect

## Peoplebox — Bengaluru
<https://www.peoplebox.ai/careers>

- Insights on performance, engagement, and hiring
- Nova AI (AI Recruiter)
- Structured interviews at scale, zero recruiter time
- Talent Sourcing Solutions for High-Volume Hiring Teams
- Your AI hiring partner, from resume to offer

## Swiggy — Bengaluru
<https://careers.swiggy.com/>

- Account Manager

# 🔔 New career-page entries — 2026-06-30T19:58:42

## Infosys — Bengaluru
<https://career.infosys.com/joblist>

- 🎓 Associate Lead - Talent Acquisition

## Darwinbox — Hyderabad
<https://darwinbox.com/careers>

- 🎓 Associate Sales Director
- Product Marketing Lead

## Cars24 — Gurugram
<https://www.cars24.com/careers/>

- Brand manager
- Product Manager
- Senior Graphic Designer
- Senior UI/UX Designer

# 🔔 New career-page entries — 2026-07-01T03:55:13

## Peoplebox — Bengaluru
<https://www.peoplebox.ai/careers>

- 🎓 Associate Product Manager (APM) 56 days ago BANGALORE Full Time
- Content Marketing Manager 331 days ago BANGALORE 4-6 Full Time
- SEO Lead 215 days ago BANGALORE 4-6 Full Time
- Senior Backend Engineer 327 days ago BANGALORE 5-9 Full Time
- Talent Acquisition Lead 105 days ago BANGALORE 5+ Full Time

# 🔔 New career-page entries — 2026-07-01T09:47:18

## Swiggy — Bengaluru
<https://careers.swiggy.com/>

- 🎓 Associate Account manager

## Meesho — Bengaluru
<https://www.meesho.io/jobs>

- 🎓 Associate Director - Enterprise Sales- Meesho AI Services (MAS) AI Services Mumbai, Maharashtra

# 🔔 New career-page entries — 2026-07-01T14:47:48

## Darwinbox — Hyderabad
<https://darwinbox.com/careers>

- 🎓 Associate Sales Director
- Product Marketing Lead

## Cars24 — Gurugram
<https://www.cars24.com/careers/>

- Brand manager
- Product Manager
- Senior Graphic Designer
- Senior UI/UX Designer

## Meesho — Bengaluru
<https://www.meesho.io/jobs>

- Data Scientist III Tech Bangalore, Karnataka

# 🔔 New career-page entries — 2026-07-01T19:56:24

## Accenture — Bengaluru
<https://www.accenture.com/in-en/careers/jobsearch?fl=Bengaluru>

- 🎓 Packaged Application Development Associate Manager
- 🎓 Record to Report Operations Associate
- 🎓 Record to Report Ops Associate

## Accenture — Hyderabad
<https://www.accenture.com/in-en/careers/jobsearch?fl=Hyderabad>

- 🎓 Packaged Application Development Associate Manager
- 🎓 Record to Report Operations Associate
- 🎓 Record to Report Ops Associate

## Accenture — Pune
<https://www.accenture.com/in-en/careers/jobsearch?fl=Pune>

- 🎓 Packaged Application Development Associate Manager
- 🎓 Record to Report Operations Associate
- 🎓 Record to Report Ops Associate

## Accenture — Gurugram
<https://www.accenture.com/in-en/careers/jobsearch?fl=Gurugram>

- 🎓 Packaged Application Development Associate Manager
- 🎓 Record to Report Operations Associate
- 🎓 Record to Report Ops Associate

## Keka HR — Hyderabad
<https://www.keka.com/careers>

- Hiring & Onboarding
- Hiring & Onboarding Create a great candidate experience before and after joining
- Hiring Software
- We are hiring !

# 🔔 New career-page entries — 2026-07-02T03:36:06

## Accenture — Bengaluru
<https://www.accenture.com/in-en/careers/jobsearch?fl=Bengaluru>

- 🎓 IMU Sales Capture Associate Director
- 🎓 Sales Capture Associate Director
- 🎓 Strategy Innovation Associate Director
- 🎓 Workplace Service Delivery Associate Manager
- 🎓 Workplace Service Delivery Associate Manager-Events

## Accenture — Hyderabad
<https://www.accenture.com/in-en/careers/jobsearch?fl=Hyderabad>

- 🎓 IMU Sales Capture Associate Director
- 🎓 Sales Capture Associate Director
- 🎓 Strategy Innovation Associate Director
- 🎓 Workplace Service Delivery Associate Manager
- 🎓 Workplace Service Delivery Associate Manager-Events

## Accenture — Pune
<https://www.accenture.com/in-en/careers/jobsearch?fl=Pune>

- 🎓 IMU Sales Capture Associate Director
- 🎓 Sales Capture Associate Director
- 🎓 Strategy Innovation Associate Director
- 🎓 Workplace Service Delivery Associate Manager
- 🎓 Workplace Service Delivery Associate Manager-Events

## Accenture — Gurugram
<https://www.accenture.com/in-en/careers/jobsearch?fl=Gurugram>

- 🎓 IMU Sales Capture Associate Director
- 🎓 Sales Capture Associate Director
- 🎓 Strategy Innovation Associate Director
- 🎓 Workplace Service Delivery Associate Manager
- 🎓 Workplace Service Delivery Associate Manager-Events

## Peoplebox — Bengaluru
<https://www.peoplebox.ai/careers>

- 🎓 Associate Product Manager (APM) 57 days ago BANGALORE Full Time
- Content Marketing Manager 332 days ago BANGALORE 4-6 Full Time
- SEO Lead 216 days ago BANGALORE 4-6 Full Time
- Senior Backend Engineer 328 days ago BANGALORE 5-9 Full Time
- Talent Acquisition Lead 106 days ago BANGALORE 5+ Full Time

# 🔔 New career-page entries — 2026-07-02T08:56:49

## Accenture — Bengaluru
<https://www.accenture.com/in-en/careers/jobsearch?fl=Bengaluru>

- 🎓 Customer Service Associate
- 🎓 Security Managed Services Associate Manager

## Accenture — Hyderabad
<https://www.accenture.com/in-en/careers/jobsearch?fl=Hyderabad>

- 🎓 Customer Service Associate
- 🎓 Security Managed Services Associate Manager

## Accenture — Pune
<https://www.accenture.com/in-en/careers/jobsearch?fl=Pune>

- 🎓 Customer Service Associate
- 🎓 Security Managed Services Associate Manager

## Accenture — Gurugram
<https://www.accenture.com/in-en/careers/jobsearch?fl=Gurugram>

- 🎓 Customer Service Associate
- 🎓 Security Managed Services Associate Manager

## Meesho — Bengaluru
<https://www.meesho.io/jobs>

- Assistant Manager – HR HR & CREWS Bangalore, Karnataka

# 🔔 New career-page entries — 2026-07-02T14:00:59

## Accenture — Bengaluru
<https://www.accenture.com/in-en/careers/jobsearch?fl=Bengaluru>

- 🎓 Procurement Operations Associate

## Accenture — Hyderabad
<https://www.accenture.com/in-en/careers/jobsearch?fl=Hyderabad>

- 🎓 Procurement Operations Associate

## Accenture — Pune
<https://www.accenture.com/in-en/careers/jobsearch?fl=Pune>

- 🎓 Procurement Operations Associate

## Accenture — Gurugram
<https://www.accenture.com/in-en/careers/jobsearch?fl=Gurugram>

- 🎓 Procurement Operations Associate

## Swiggy — Bengaluru
<https://careers.swiggy.com/>

- Senior Program Manager

# 🔔 New career-page entries — 2026-07-02T19:28:07

## Accenture — Bengaluru
<https://www.accenture.com/in-en/careers/jobsearch?fl=Bengaluru>

- 🎓 IMU Sales Capture Associate Director
- 🎓 Sales Capture Associate Director
- 🎓 Strategy Innovation Associate Director
- 🎓 Workplace Service Delivery Associate Manager
- 🎓 Workplace Service Delivery Associate Manager-Events

## Accenture — Hyderabad
<https://www.accenture.com/in-en/careers/jobsearch?fl=Hyderabad>

- 🎓 IMU Sales Capture Associate Director
- 🎓 Sales Capture Associate Director
- 🎓 Strategy Innovation Associate Director
- 🎓 Workplace Service Delivery Associate Manager
- 🎓 Workplace Service Delivery Associate Manager-Events

## Accenture — Pune
<https://www.accenture.com/in-en/careers/jobsearch?fl=Pune>

- 🎓 IMU Sales Capture Associate Director
- 🎓 Sales Capture Associate Director
- 🎓 Strategy Innovation Associate Director
- 🎓 Workplace Service Delivery Associate Manager
- 🎓 Workplace Service Delivery Associate Manager-Events

## Accenture — Gurugram
<https://www.accenture.com/in-en/careers/jobsearch?fl=Gurugram>

- 🎓 IMU Sales Capture Associate Director
- 🎓 Sales Capture Associate Director
- 🎓 Strategy Innovation Associate Director
- 🎓 Workplace Service Delivery Associate Manager
- 🎓 Workplace Service Delivery Associate Manager-Events

## Darwinbox — Hyderabad
<https://darwinbox.com/careers>

- 🎓 Associate Sales Director
- Product Marketing Lead

# 🔔 New career-page entries — 2026-07-03T02:58:57

## Accenture — Bengaluru
<https://www.accenture.com/in-en/careers/jobsearch?fl=Bengaluru>

- 🎓 Application/Cloud Support Associate Manager
- 🎓 Customer Service Associate
- 🎓 Record to Report Operations New Associate
- 🎓 Record to Report Ops New Associate

## Accenture — Hyderabad
<https://www.accenture.com/in-en/careers/jobsearch?fl=Hyderabad>

- 🎓 Application/Cloud Support Associate Manager
- 🎓 Customer Service Associate
- 🎓 Record to Report Operations New Associate
- 🎓 Record to Report Ops New Associate

## Accenture — Pune
<https://www.accenture.com/in-en/careers/jobsearch?fl=Pune>

- 🎓 Application/Cloud Support Associate Manager
- 🎓 Customer Service Associate
- 🎓 Record to Report Operations New Associate
- 🎓 Record to Report Ops New Associate

## Accenture — Gurugram
<https://www.accenture.com/in-en/careers/jobsearch?fl=Gurugram>

- 🎓 Application/Cloud Support Associate Manager
- 🎓 Customer Service Associate
- 🎓 Record to Report Operations New Associate
- 🎓 Record to Report Ops New Associate

## Peoplebox — Bengaluru
<https://www.peoplebox.ai/careers>

- 🎓 Associate Product Manager (APM) 58 days ago BANGALORE Full Time
- Content Marketing Manager 333 days ago BANGALORE 4-6 Full Time
- SEO Lead 217 days ago BANGALORE 4-6 Full Time
- Senior Backend Engineer 329 days ago BANGALORE 5-9 Full Time
- Talent Acquisition Lead 107 days ago BANGALORE 5+ Full Time

# 🔔 New career-page entries — 2026-07-03T04:13:21

## Accenture — Bengaluru
<https://www.accenture.com/in-en/careers/jobsearch?fl=Bengaluru>

- 🤖 Enterprise AI Value Strategy Manager
- 🤖 IMU - AI & Data Manager
- 🎓 IMU Sales Capture Associate Director
- 🎓 Sales Capture Associate Director
- 🎓 Strategy Innovation Associate Director
- 🎓 Workplace Service Delivery Associate Manager
- 🎓 Workplace Service Delivery Associate Manager-Events

## Accenture — Hyderabad
<https://www.accenture.com/in-en/careers/jobsearch?fl=Hyderabad>

- 🤖 Enterprise AI Value Strategy Manager
- 🤖 IMU - AI & Data Manager
- 🎓 IMU Sales Capture Associate Director
- 🎓 Sales Capture Associate Director
- 🎓 Strategy Innovation Associate Director
- 🎓 Workplace Service Delivery Associate Manager
- 🎓 Workplace Service Delivery Associate Manager-Events

## Accenture — Pune
<https://www.accenture.com/in-en/careers/jobsearch?fl=Pune>

- 🤖 Enterprise AI Value Strategy Manager
- 🤖 IMU - AI & Data Manager
- 🎓 IMU Sales Capture Associate Director
- 🎓 Sales Capture Associate Director
- 🎓 Strategy Innovation Associate Director
- 🎓 Workplace Service Delivery Associate Manager
- 🎓 Workplace Service Delivery Associate Manager-Events

## Accenture — Gurugram
<https://www.accenture.com/in-en/careers/jobsearch?fl=Gurugram>

- 🤖 Enterprise AI Value Strategy Manager
- 🤖 IMU - AI & Data Manager
- 🎓 IMU Sales Capture Associate Director
- 🎓 Sales Capture Associate Director
- 🎓 Strategy Innovation Associate Director
- 🎓 Workplace Service Delivery Associate Manager
- 🎓 Workplace Service Delivery Associate Manager-Events

# 🔔 New career-page entries — 2026-07-03T04:23:59

## SmartSense Consulting Solutions — Gandhinagar
<https://www.smartsensesolutions.com/career>

- 💻 Full Stack Developer
- QA Automation Engineer
- Sr. QA Engineer
- View Opening

## Accenture — Bengaluru
<https://www.accenture.com/in-en/careers/jobsearch?fl=Bengaluru>

- 🤖 AI Native Software Engineering Analyst
- 🎓 Application/Cloud Support Associate Manager
- 💻 Custom Software Engineer
- 🎓 Customer Service Associate
- 🎓 Record to Report Operations New Associate
- 🎓 Record to Report Ops New Associate

## Accenture — Hyderabad
<https://www.accenture.com/in-en/careers/jobsearch?fl=Hyderabad>

- 🤖 AI Native Software Engineering Analyst
- 🎓 Application/Cloud Support Associate Manager
- 💻 Custom Software Engineer
- 🎓 Customer Service Associate
- 🎓 Record to Report Operations New Associate
- 🎓 Record to Report Ops New Associate

## Accenture — Pune
<https://www.accenture.com/in-en/careers/jobsearch?fl=Pune>

- 🤖 AI Native Software Engineering Analyst
- 🎓 Application/Cloud Support Associate Manager
- 💻 Custom Software Engineer
- 🎓 Customer Service Associate
- 🎓 Record to Report Operations New Associate
- 🎓 Record to Report Ops New Associate

## Accenture — Gurugram
<https://www.accenture.com/in-en/careers/jobsearch?fl=Gurugram>

- 🤖 AI Native Software Engineering Analyst
- 🎓 Application/Cloud Support Associate Manager
- 💻 Custom Software Engineer
- 🎓 Customer Service Associate
- 🎓 Record to Report Operations New Associate
- 🎓 Record to Report Ops New Associate

## IBM — India
<https://www.ibm.com/in-en/careers/career-opportunities>

- 🎓 Associate Data Engineer
- 🎓 Associate Technical SAP Package Specialist (September 2026 - Calgary)
- 🎓 Entry level Brand Sales Specialist - Power - Luxembourg
- 🎓 Entry level Brand Technical Specialist - Belgium

## IBM — India
<https://www.ibm.com/in-en/careers/search>

- 🎓 Enterprise Operations Process Associate Order Management - Health Care (Voice) Professional Gurgaon, IN
- 🎓 Infrastructure & Technology Associate Technical SAP Package Specialist (September 2026 - Calgary) Entry Level Calgary, CA
- 🎓 Infrastructure & Technology Package Specialist 2026- Workday HCM & Compensation Entry Level Multiple Cities
- 🎓 Internship (96)
- 🎓 Project Management Estágio na área de Internal Controls Internship HORTOLANDIA, BR
- 🎓 Sales Apprenti.e Metropole Program Manager – Ecosystème - IBM France - H/F Internship Bois Colombes Cedex, FR
- 💻 Software Engineering Application Developer-Cloud FullStack Professional Bangalore, IN
- 💻 Software Engineering Application Developer-Cloud FullStack Professional Hyderabad, IN
- 🎓 Software Engineering IBM Consulting Interns Internship QUEZON CITY, PH

## Yudiz Solutions — Ahmedabad
<https://www.yudiz.com/join-our-team/>

- 🎓 Sales Intern

## Zenskar — Bengaluru
<https://www.zenskar.com/careers>

- Account Executive-Mid Market(US)
- 🎓 Content Marketing Intern
- Customer Success & Solutions Manager
- 🎓 Customer Success Intern
- Engineering Manager
- Enterprise Account Executive (US)
- Finance Executive
- Forward Deployed Engineer
- 🎓 Intern @ Zenskar
- Product Manager
- Product Security Engineer
- 🎓 Revenue Operations Intern
- Senior Forward Deployed Engineer
- 🤖 Senior GenAI Engineer
- Senior Solutions Engineer (US)
- Solutions Consultant
- 💻 Tech Lead - Backend
- Technical Support Engineer
- We're hiring across every function. Here's where we're building right now.
- or apply via our careers page here:

## ShareChat — Bengaluru
<https://sharechat.com/careers>

- 🎓 Intern - Telugu - Business Development(Sales)
- 🎓 Intern - Video Editor
- Lead - Legal & Company Secretary
- Manager - Corporate Development & IR
- 🎓 Senior Associate-Finance
- Senior Product Designer - IC

## Qualcomm — India
<https://careers.qualcomm.com/careers>

- 🎓 2. Associate Engineer
- 🎓 CPU Competitive Analysis Engineer, Entry Level up to Staff Hsinchu City, Hsinchu City, Taiwan ASICS Engineering Posted 4 months ago

## Postman — Bengaluru
<https://www.postman.com/company/careers/open-positions/>

- 🤖 Applied AI Scientist, Small Language Model and AI Training
- 💻 Backend and System Engineer (nodeJS or Golang)
- 💻 Backend and System Engineer, Flows
- 🤖 Engineering Manager, Postman AI
- 🤖 Member of Technical Staff, AI Agent Development Lead
- 🤖 Member of Technical Staff, AI Reliability & Monitoring Engineering Lead
- 💻 Senior Backend Engineer, Cloud Platform
- 💻 Senior Backend Engineer, Observability
- 💻 Senior Fullstack Engineer - Codegen
- 💻 Senior Fullstack Engineer, Observability
- 💻 Senior Fullstack Software Engineer - (Customer Journey)
- 💻 Senior Software Engineer - Client SDK (UI Platform)
- 💻 Senior Software Engineer - Fern
- 💻 Senior Software Engineer Manager - Ecosystems
- 💻 Senior Software Engineer, Ecosystem
- 💻 Senior Software Engineer, Marketing Engineering
- 💻 Senior Software Engineer, Monetization
- 💻 Software Engineer, Authorization
- 💻 Software Engineer, IAM
- 💻 Staff Software Engineer - Fern
- 💻 Staff Software Engineer, Business Platform
- 💻 Staff Software Engineer- Codegen

## Arcesium — Bengaluru
<https://careers.arcesium.com/>

- 💻 Software Engineer

## Fractal Analytics — India
<https://fractal.ai/careers/>

- 💻 Full Stack Engineer (React + Django)
- 🤖 MLOps Engineer
- 💻 Senior Full Stack (React + Python ) Developer Role
- 💻 Senior Full Stack Engineer (React + Django)
- 💻 Senior Full Stack Engineer (ReactJS + Dot Net)
- 🤖 Senior ML Engineer
- 🤖 Sr. Data Scientist – GenAI & Agentic Systems
- 🤖 hiring@fractal.ai

## Synopsys — Bengaluru
<https://careers.synopsys.com/>

- 🎓 Hardware Verification Engineer, Entry Level

## Thunes — Singapore
<https://www.thunes.com/careers/>

- 🎓 Enterprise Singapore Graduate Scheme

# 🔔 New career-page entries — 2026-07-03T09:18:27

## Accenture — Bengaluru
<https://www.accenture.com/in-en/careers/jobsearch?fl=Bengaluru>

- 🎓 Packaged Application Development Associate Manager

## Accenture — Hyderabad
<https://www.accenture.com/in-en/careers/jobsearch?fl=Hyderabad>

- 🎓 Packaged Application Development Associate Manager

## Accenture — Pune
<https://www.accenture.com/in-en/careers/jobsearch?fl=Pune>

- 🎓 Packaged Application Development Associate Manager

## Accenture — Gurugram
<https://www.accenture.com/in-en/careers/jobsearch?fl=Gurugram>

- 🎓 Packaged Application Development Associate Manager

## Capgemini — India
<https://www.capgemini.com/in-en/careers/join-capgemini/job-search/>

- 🎓 Associate AP Invoice Processing Process Expert Kolkata Finance Permanent Experienced Professionals

## Swiggy — Bengaluru
<https://careers.swiggy.com/>

- Senior Account Manager

## Internshala (ML) — India
<https://internshala.com/internships/machine-learning-internship/>

- 🎓 🤖 Machine Learning Internships: Find 139 Machine Learning Intern Jobs

## Internshala (SDE) — India
<https://internshala.com/internships/software-development-internship/>

- 🎓 💻 Software Development Internships: 217+ Software Development Intern Jobs

## Internshala (AI) — India
<https://internshala.com/internships/artificial-intelligence-internship/>

- 🎓 🤖 Artificial intelligence Internships: Find 154 Artificial intelligence Intern Jobs

## YCombinator Jobs — Bengaluru
<https://www.ycombinator.com/jobs/location/bengaluru>

- 💻 Software Development Engineer III

## NVIDIA — India
<https://nvidia.wd5.myworkdayjobs.com/NVIDIAExternalCareerSite>

- 🤖 💻 Senior AI Agent Test Developer, SDET
- 💻 Senior CUDA Test Development Software Engineer, SDET
- 🤖 Senior Product Manager, AI Frameworks
- 💻 Senior Software Engineer - MarTech Platform Development
- 💻 Senior Software Engineer - MarTech Solutions
- 🤖 💻 Senior Software Engineer, PyTorch - Deep Learning
- 💻 Senior Software Engineer, RL Post-Training Frameworks
- 💻 Senior Systems Software Engineer - NV Cloud Functions

## Qualcomm — India
<https://careers.qualcomm.com/careers>

- 🤖 AI Software Platform Engineer Hsinchu City, Hsinchu City, Taiwan + 1 more Machine Learning Engineering Posted 6 months ago
- 🤖 Audio ML Systems Engineer Suwon, Gyeonggi-do, Korea, Republic of Systems Engineering Posted 9 hours ago
- 🤖 Engineer - AI Orchestration (Windows) Bangalore, Karnataka, India Software Engineering Posted 4 months ago
- 🎓 Engineer, Associate
- 🎓 Engineer, Associate Bangalore, Karnataka, India Software Engineering Posted 9 hours ago
- 🤖 Engineer, Staff-AI and Machine Learning with embedded/C++ Hyderabad, Telangana, India Software Engineering Posted 2 months ago
- 🤖 Senior Engineer - Machine Learning San Diego, California, United States of America Machine Learning Engineering Posted 2 days ago
- 🤖 💻 Senior Software Engineer – Edge AI/GenAI San Diego, California, United States of America Software Engineering Posted 24 days ago
- 🤖 Staff Engineer - AI Orchestration Bangalore, Karnataka, India Software Engineering Posted 4 months ago

## Internshala Pune — Pune
<https://internshala.com/internships/internship-in-pune/>

- 🎓 Graduate Engineer Trainee

## Grab — Singapore
<https://grab.careers/>

- 💻 Lead Software Engineer, Managed Kubernetes Platform

## Pine Labs — Noida
<https://www.pinelabs.com/careers>

- 🎓 Management Trainee Program
- 🎓 Our flagship summer internship program for students from premier B-schools.
- 🎓 Sales Trainee Program

# 🔔 New career-page entries — 2026-07-03T14:04:28

## Accenture — Bengaluru
<https://www.accenture.com/in-en/careers/jobsearch?fl=Bengaluru>

- 🤖 Enterprise AI Value Strategy Manager
- 🤖 IMU - AI & Data Manager
- 🎓 IMU Sales Capture Associate Director
- 🎓 Sales Capture Associate Director
- 🎓 Strategy Innovation Associate Director
- 🎓 Workplace Service Delivery Associate Manager
- 🎓 Workplace Service Delivery Associate Manager-Events

## Accenture — Hyderabad
<https://www.accenture.com/in-en/careers/jobsearch?fl=Hyderabad>

- 🤖 Enterprise AI Value Strategy Manager
- 🤖 IMU - AI & Data Manager
- 🎓 IMU Sales Capture Associate Director
- 🎓 Sales Capture Associate Director
- 🎓 Strategy Innovation Associate Director
- 🎓 Workplace Service Delivery Associate Manager
- 🎓 Workplace Service Delivery Associate Manager-Events

## Accenture — Pune
<https://www.accenture.com/in-en/careers/jobsearch?fl=Pune>

- 🤖 Enterprise AI Value Strategy Manager
- 🤖 IMU - AI & Data Manager
- 🎓 IMU Sales Capture Associate Director
- 🎓 Sales Capture Associate Director
- 🎓 Strategy Innovation Associate Director
- 🎓 Workplace Service Delivery Associate Manager
- 🎓 Workplace Service Delivery Associate Manager-Events

## Accenture — Gurugram
<https://www.accenture.com/in-en/careers/jobsearch?fl=Gurugram>

- 🤖 Enterprise AI Value Strategy Manager
- 🤖 IMU - AI & Data Manager
- 🎓 IMU Sales Capture Associate Director
- 🎓 Sales Capture Associate Director
- 🎓 Strategy Innovation Associate Director
- 🎓 Workplace Service Delivery Associate Manager
- 🎓 Workplace Service Delivery Associate Manager-Events

## IBM — India
<https://www.ibm.com/in-en/careers/career-opportunities>

- 🤖 Data Engineer-Machine Learning
- 🎓 Junior SAP Support Consultant (PP/QM) - German

## Swiggy — Bengaluru
<https://careers.swiggy.com/>

- Senior executive - video editor

## Internshala (SDE) — India
<https://internshala.com/internships/software-development-internship/>

- 🎓 💻 Software Development Internships: 219+ Software Development Intern Jobs

## Internshala (AI) — India
<https://internshala.com/internships/artificial-intelligence-internship/>

- 🎓 🤖 Artificial intelligence Internships: Find 159 Artificial intelligence Intern Jobs
- 🎓 Story Partner Intern | Marketing, Business Development & Client Relations

## Qualcomm — India
<https://careers.qualcomm.com/careers>

- 💻 1. Software Engineer
- 💻 3. Senior Software Engineer
- 💻 4. Software Development Engineer
- 💻 5. Senior Software Development Engineer
- 🤖 Audio ML Systems Engineer Suwon, Gyeonggi-do, Korea, Republic of Systems Engineering Posted 14 hours ago
- 🎓 Engineer, Associate Bangalore, Karnataka, India Software Engineering Posted 14 hours ago
- 🤖 Senior Engineer - Machine Learning San Diego, California, United States of America Machine Learning Engineering Posted 3 days ago
- 🤖 💻 Senior Software Engineer – Edge AI/GenAI San Diego, California, United States of America Software Engineering Posted 25 days ago

## Fractal Analytics — India
<https://fractal.ai/careers/>

- 🤖 hiring@fractal.ai

## Synopsys — Bengaluru
<https://careers.synopsys.com/>

- 🎓 IT Internal Audit, Sr Associate

## Internshala Noida — Noida
<https://internshala.com/internships/internship-in-noida/>

- 🎓 Knowledge Management And Research Associate

## Internshala Gurgaon — Gurugram
<https://internshala.com/internships/internship-in-gurgaon/>

- 🎓 Knowledge Management And Research Associate

## Gramener — Hyderabad
<https://gramener.com/careers/>

- 🤖 Data Scientist
- 🤖 Data Scientist Bangalore Validate the models developed against statistical robustness and business sense.
- 🎓 Internship is processed with technical assessment followed by discussion with the hiring manager.
- 🎓 Junior UI/UX Engineer Hyderabad/ Collaborate with marketing and sales teams to design and implement website updates and landing pages.
- 🤖 Lead Data Science Engineer at Gramener
- 🤖 Lead Data Scientist – SFE Analytics Hyderabad Worked extensively on SFE Analytics (Pharma preferred).
- 🤖 Python Developer – GenAI/NLP Integration Hyderabad/Bangalore Core Python Development: 4–8 years of hands-on experience.
- 💻 Senior Full-Stack Developer Bangalore AWS or Azure cloud, Server management with basic visualization.
- 🎓 What is your process for Campus Hiring?

## Wingify — Pune
<https://wingify.com/careers/>

- 🤖 GenAI Engineer
- 💻 Senior Software Engineer - Client Services
- 💻 Software Engineer - QA (Client Services team)
- 💻 Software Engineer – Full Stack

# 🔔 New career-page entries — 2026-07-03T19:22:56

## Accenture — Bengaluru
<https://www.accenture.com/in-en/careers/jobsearch?fl=Bengaluru>

- 💻 Custom Software Engineer
- 🎓 Customer Service Associate

## Accenture — Hyderabad
<https://www.accenture.com/in-en/careers/jobsearch?fl=Hyderabad>

- 💻 Custom Software Engineer
- 🎓 Customer Service Associate

## Accenture — Pune
<https://www.accenture.com/in-en/careers/jobsearch?fl=Pune>

- 💻 Custom Software Engineer
- 🎓 Customer Service Associate

## Accenture — Gurugram
<https://www.accenture.com/in-en/careers/jobsearch?fl=Gurugram>

- 💻 Custom Software Engineer
- 🎓 Customer Service Associate

## IBM — India
<https://www.ibm.com/in-en/careers/career-opportunities>

- 🎓 Entry Level - Storage Sales Specialist

## Cognizant — India
<https://careers.cognizant.com/global-en/jobs/>

- 💻 Senior Java Software Engineer

## Cognizant — India
<https://careers.cognizant.com/india-en/jobs/>

- 💻 Senior Java Software Engineer

## Internshala (ML) — India
<https://internshala.com/internships/machine-learning-internship/>

- 🎓 Forward Deployed Engineer Trainee (SLMs)
- 🎓 🤖 Machine Learning Internships: Find 134 Machine Learning Intern Jobs

## Internshala (SDE) — India
<https://internshala.com/internships/software-development-internship/>

- 🎓 💻 Software Development Internships: 214+ Software Development Intern Jobs

## Internshala (AI) — India
<https://internshala.com/internships/artificial-intelligence-internship/>

- 🎓 🤖 Artificial intelligence Internships: Find 154 Artificial intelligence Intern Jobs

## YCombinator Jobs — Bengaluru
<https://www.ycombinator.com/jobs/location/bengaluru>

- 🤖 Vahan (S19) • AI recruiter for India's massive blue-collar workforce ( 11 days ago)

## Atlassian — Bengaluru
<https://www.atlassian.com/company/careers/all-jobs>

- 🤖 AI GTM Engineer, AI & Digital Natives
- 🎓 Account Associate, LATAM (Portuguese Speaking)
- 🎓 Associate Customer Success Manager
- 🎓 Associate Solution Engineer, Mid Market (West)
- 🤖 Inside Sales Account Executive, AI & Digital Natives
- 🤖 Principal Machine Learning Engineer
- 🤖 Principal Machine Learning Systems Engineer
- 🤖 Senior Account Executive , AI & Digital Natives (Bay Area)
- 🤖 Senior Account Executive , AI and Digital Native (NYC)
- 🤖 Senior Design Manager, AI
- 🤖 Senior Design Manager, Jira AI
- 🤖 Senior Manager, AI & Digital Natives
- 💻 Senior Software Engineer
- 🤖 Senior Solution Consultant, Teamwork Foundations + AI
- 🤖 Senior Systems Engineer — AI Code Metrics Daemon
- 💻 Software Engineer

## Sarvam AI — Bengaluru
<https://www.sarvam.ai/careers>

- 🎓 🤖 AI Engineer - Intern Bengaluru Full Time On-Site

## Synopsys — Bengaluru
<https://careers.synopsys.com/>

- 🎓 DevOps Internship

## Thunes — Singapore
<https://www.thunes.com/careers/>

- 🎓 Enterprise Singapore Graduate Scheme

## Yulu — Bengaluru
<https://www.yulu.bike/careers/>

- 🎓 Associate Director

# 🔔 New career-page entries — 2026-07-04T02:55:14

## Accenture — Bengaluru
<https://www.accenture.com/in-en/careers/jobsearch?fl=Bengaluru>

- 🤖 Enterprise AI Value Strategy Manager
- 🤖 IMU - AI & Data Manager
- 🎓 IMU Sales Capture Associate Director
- 🎓 Sales Capture Associate Director
- 🎓 Strategy Innovation Associate Director
- 🎓 Workplace Service Delivery Associate Manager
- 🎓 Workplace Service Delivery Associate Manager-Events

## Accenture — Hyderabad
<https://www.accenture.com/in-en/careers/jobsearch?fl=Hyderabad>

- 🤖 Enterprise AI Value Strategy Manager
- 🤖 IMU - AI & Data Manager
- 🎓 IMU Sales Capture Associate Director
- 🎓 Sales Capture Associate Director
- 🎓 Strategy Innovation Associate Director
- 🎓 Workplace Service Delivery Associate Manager
- 🎓 Workplace Service Delivery Associate Manager-Events

## Accenture — Pune
<https://www.accenture.com/in-en/careers/jobsearch?fl=Pune>

- 🤖 Enterprise AI Value Strategy Manager
- 🤖 IMU - AI & Data Manager
- 🎓 IMU Sales Capture Associate Director
- 🎓 Sales Capture Associate Director
- 🎓 Strategy Innovation Associate Director
- 🎓 Workplace Service Delivery Associate Manager
- 🎓 Workplace Service Delivery Associate Manager-Events

## Accenture — Gurugram
<https://www.accenture.com/in-en/careers/jobsearch?fl=Gurugram>

- 🤖 Enterprise AI Value Strategy Manager
- 🤖 IMU - AI & Data Manager
- 🎓 IMU Sales Capture Associate Director
- 🎓 Sales Capture Associate Director
- 🎓 Strategy Innovation Associate Director
- 🎓 Workplace Service Delivery Associate Manager
- 🎓 Workplace Service Delivery Associate Manager-Events

## Zenskar — Bengaluru
<https://www.zenskar.com/careers>

- Account Executive-Mid Market(US)
- 🎓 Content Marketing Intern
- Customer Success & Solutions Manager
- 🎓 Customer Success Intern
- Engineering Manager
- Enterprise Account Executive (US)
- Finance Executive
- Forward Deployed Engineer
- 🎓 Intern @ Zenskar
- Product Manager
- Product Security Engineer
- 🎓 Revenue Operations Intern
- Senior Forward Deployed Engineer
- 🤖 Senior GenAI Engineer
- Senior Solutions Engineer (US)
- Solutions Consultant
- 💻 Tech Lead - Backend
- Technical Support Engineer
- We're hiring across every function. Here's where we're building right now.
- or apply via our careers page here:

## Peoplebox — Bengaluru
<https://www.peoplebox.ai/careers>

- 🎓 Associate Product Manager (APM) 59 days ago BANGALORE Full Time
- Content Marketing Manager 334 days ago BANGALORE 4-6 Full Time
- SEO Lead 218 days ago BANGALORE 4-6 Full Time
- 💻 Senior Backend Engineer 330 days ago BANGALORE 5-9 Full Time
- Talent Acquisition Lead 108 days ago BANGALORE 5+ Full Time

## Internshala (SDE) — India
<https://internshala.com/internships/software-development-internship/>

- 🎓 💻 Software Development Internships: 215+ Software Development Intern Jobs

## Qualcomm — India
<https://careers.qualcomm.com/careers>

- 🤖 Audio ML Systems Engineer
- 🤖 Audio ML Systems Engineer Suwon, Gyeonggi-do, Korea, Republic of Systems Engineering Posted a day ago
- 💻 IT Software Developer
- 🎓 Interim Engineering Intern - SW
- 🎓 Interim Intern
- 🎓 Intern

## Synopsys — Bengaluru
<https://careers.synopsys.com/>

- 🎓 Business Process Analyst Internship
- 🎓 Data Analytics & Reporting Internship

## MyCareersFuture (SDE) — Singapore
<https://www.mycareersfuture.gov.sg/search?search=software+engineer&sortBy=new_posting_date>

- 🎓 If you are a fresh graduate looking for a traineeship opportunity
- 🎓 Junior Executive

## Signzy — Bengaluru
<https://www.signzy.com/careers/>

- 🎓 Associate Director - Enterprise Sales 865 days ago Chennai 7 years - 10 years Full Time
- 🎓 Sales Associate 11 days ago Mumbai 1 - 2 years Full Time

## Gramener — Hyderabad
<https://gramener.com/careers/>

- 🤖 Data Scientist
- 🤖 Data Scientist Bangalore Validate the models developed against statistical robustness and business sense.
- 🎓 Internship is processed with technical assessment followed by discussion with the hiring manager.
- 🎓 Junior UI/UX Engineer Hyderabad/ Collaborate with marketing and sales teams to design and implement website updates and landing pages.
- 🤖 Lead Data Science Engineer at Gramener
- 🤖 Lead Data Scientist – SFE Analytics Hyderabad Worked extensively on SFE Analytics (Pharma preferred).
- 🤖 Python Developer – GenAI/NLP Integration Hyderabad/Bangalore Core Python Development: 4–8 years of hands-on experience.
- 💻 Senior Full-Stack Developer Bangalore AWS or Azure cloud, Server management with basic visualization.
- 🎓 What is your process for Campus Hiring?

## Wingify — Pune
<https://wingify.com/careers/>

- 🤖 GenAI Engineer
- 💻 Senior Software Engineer - Client Services
- 💻 Software Engineer - QA (Client Services team)
- 💻 Software Engineer – Full Stack

# 🔔 New career-page entries — 2026-07-04T08:37:16

## Capgemini — India
<https://www.capgemini.com/in-en/careers/join-capgemini/job-search/>

- 💻 Lead Software Engineer - SAP TRM Pune, Bangalore, Gandhinagar, Mumbai Software Engineering Permanent Experienced Professionals

## IBM — India
<https://www.ibm.com/in-en/careers/career-opportunities>

- 🎓 Associate Strategy Consultant-Enterprise & Cloud Transformation (Fresh Graduates Tech & Sales Track)

## Cognizant — India
<https://careers.cognizant.com/global-en/jobs/>

- 💻 .Net Backend developer

## Cognizant — India
<https://careers.cognizant.com/india-en/jobs/>

- 💻 .Net Backend developer

## Keka HR — Hyderabad
<https://www.keka.com/careers>

- Hiring & Onboarding
- Hiring & Onboarding Create a great candidate experience before and after joining
- Hiring Software
- We are hiring !

## Swiggy — Bengaluru
<https://careers.swiggy.com/>

- Executive - Videographer

## Internshala (ML) — India
<https://internshala.com/internships/machine-learning-internship/>

- 🎓 🤖 Machine Learning Internships: Find 136 Machine Learning Intern Jobs

## Internshala (SDE) — India
<https://internshala.com/internships/software-development-internship/>

- 🎓 💻 Software Development Internships: 216+ Software Development Intern Jobs

## Qualcomm — India
<https://careers.qualcomm.com/careers>

- 🎓 Lead junior engineers and drive project planning and tracking.

## Kore.ai — Hyderabad
<https://kore.ai/careers/>

- 🤖 AI Solution Sales Specialist

## MyCareersFuture (ML) — Singapore
<https://www.mycareersfuture.gov.sg/search?search=machine+learning&sortBy=new_posting_date>

- 🎓 If you are a fresh graduate looking for a traineeship opportunity
- 🎓 Junior Executive

## Thunes — Singapore
<https://www.thunes.com/careers/>

- 🎓 Enterprise Singapore Graduate Scheme

# 🔔 New career-page entries — 2026-07-04T13:26:09

## Accenture — Bengaluru
<https://www.accenture.com/in-en/careers/jobsearch?fl=Bengaluru>

- 💻 Custom Software Engineer
- 🎓 Procure to Pay Operations New Associate
- 🎓 Procurement Practice Associate Manager

## Accenture — Hyderabad
<https://www.accenture.com/in-en/careers/jobsearch?fl=Hyderabad>

- 💻 Custom Software Engineer
- 🎓 Procure to Pay Operations New Associate
- 🎓 Procurement Practice Associate Manager

## Accenture — Pune
<https://www.accenture.com/in-en/careers/jobsearch?fl=Pune>

- 💻 Custom Software Engineer
- 🎓 Procure to Pay Operations New Associate
- 🎓 Procurement Practice Associate Manager

## Accenture — Gurugram
<https://www.accenture.com/in-en/careers/jobsearch?fl=Gurugram>

- 💻 Custom Software Engineer
- 🎓 Procure to Pay Operations New Associate
- 🎓 Procurement Practice Associate Manager

## Capgemini — India
<https://www.capgemini.com/in-en/careers/join-capgemini/job-search/>

- 💻 Senior Software Engineer Mumbai (ex Bombay) Software Engineering Permanent Experienced Professionals

## IBM — India
<https://www.ibm.com/in-en/careers/search>

- 🤖 Consulting Technical Consultant-AI Integration Professional Bangalore, IN
- 🎓 Enterprise Operations Process Associate Order Management - Health Care (Voice) Professional Gurgaon, IN
- 🎓 Infrastructure & Technology Entry Level Hardware Developer 2026 Entry Level Multiple Cities
- 🎓 Infrastructure & Technology Package Specialist 2026- Workday HCM & Compensation Entry Level Multiple Cities
- 🎓 Internship (88)
- 🎓 Sales Apprenti.e Metropole Program Manager – Ecosystème - IBM France - H/F Internship Bois Colombes Cedex, FR
- 🎓 Sales Entry Level Technical Sales Specialist Entry Level Bucharest, RO
- 💻 Software Engineering Application Developer-Cloud FullStack Professional Bangalore, IN
- 🎓 Software Engineering IBM Consulting Interns Internship QUEZON CITY, PH

## Cognizant — India
<https://careers.cognizant.com/global-en/jobs/>

- 💻 Java AWS - Backend Developer

## Cognizant — India
<https://careers.cognizant.com/india-en/jobs/>

- 💻 Java AWS - Backend Developer

## Internshala (ML) — India
<https://internshala.com/internships/machine-learning-internship/>

- 🎓 🤖 Machine Learning Internships: Find 137 Machine Learning Intern Jobs

## Internshala (SDE) — India
<https://internshala.com/internships/software-development-internship/>

- 🎓 💻 Software Development Internships: 217+ Software Development Intern Jobs

## Internshala (AI) — India
<https://internshala.com/internships/artificial-intelligence-internship/>

- 🎓 🤖 Artificial intelligence Internships: Find 155 Artificial intelligence Intern Jobs

## Qualcomm — India
<https://careers.qualcomm.com/careers>

- 🎓 2. Associate Engineer
- 🤖 Audio ML Systems Engineer Suwon, Gyeonggi-do, Korea, Republic of Systems Engineering Posted 2 days ago
- 🎓 🤖 Engineer/Associate Engineer - AI Platform Hyderabad, Telangana, India Software Engineering Posted 2 days ago
- 🤖 Machine Learning Engineer Shenzhen, Guangdong, China + 1 more Software Engineering Posted 2 days ago

## Kore.ai — Hyderabad
<https://kore.ai/careers/>

- 🤖 Lead AI Customer Engineer — Fanatic Customer Support
- 💻 Software Engineer/Senior Software Engineer - Technical Support

## AMD India — Bengaluru
<https://careers.amd.com/careers-home>

- 💻 Software Development Technology Engineer - Games

## Micron India — Hyderabad
<https://careers.micron.com/careers>

- 🎓 Intern

## Grab — Singapore
<https://grab.careers/>

- 🎓 GRIT Trainee

## Gramener — Hyderabad
<https://gramener.com/careers/>

- 🤖 Data Scientist
- 🤖 Data Scientist Bangalore Validate the models developed against statistical robustness and business sense.
- 🎓 Internship is processed with technical assessment followed by discussion with the hiring manager.
- 🎓 Junior UI/UX Engineer Hyderabad/ Collaborate with marketing and sales teams to design and implement website updates and landing pages.
- 🤖 Lead Data Science Engineer at Gramener
- 🤖 Lead Data Scientist – SFE Analytics Hyderabad Worked extensively on SFE Analytics (Pharma preferred).
- 🤖 Python Developer – GenAI/NLP Integration Hyderabad/Bangalore Core Python Development: 4–8 years of hands-on experience.
- 💻 Senior Full-Stack Developer Bangalore AWS or Azure cloud, Server management with basic visualization.
- 🎓 What is your process for Campus Hiring?

# 🔔 New career-page entries — 2026-07-04T16:25:52

## Capgemini — India
<https://www.capgemini.com/in-en/careers/join-capgemini/job-search/>

- 💻 Lead Software Engineer - SAP TRM Mumbai, Pune, Bangalore, Gandhinagar Software Engineering Permanent Experienced Professionals

## Internshala (ML) — India
<https://internshala.com/internships/machine-learning-internship/>

- 🎓 🤖 Machine Learning Internships: Find 136 Machine Learning Intern Jobs

## Internshala (SDE) — India
<https://internshala.com/internships/software-development-internship/>

- 🎓 💻 Software Development Internships: 216+ Software Development Intern Jobs

## Internshala (AI) — India
<https://internshala.com/internships/artificial-intelligence-internship/>

- 🎓 🤖 Artificial intelligence Internships: Find 153 Artificial intelligence Intern Jobs

## YCombinator Jobs — Bengaluru
<https://www.ycombinator.com/jobs/location/bengaluru>

- 🤖 Vahan (S19) • AI recruiter for India's massive blue-collar workforce ( 12 days ago)

## Atlassian — Bengaluru
<https://www.atlassian.com/company/careers/all-jobs>

- 🤖 AI GTM Engineer, AI & Digital Natives
- 🎓 Account Associate, LATAM (Portuguese Speaking)
- 🎓 Associate Customer Success Manager
- 🎓 Associate Solution Engineer, Mid Market (West)
- 🤖 Inside Sales Account Executive, AI & Digital Natives
- 🤖 Principal Machine Learning Engineer
- 🤖 Principal Machine Learning Systems Engineer
- 🤖 Senior Account Executive , AI & Digital Natives (Bay Area)
- 🤖 Senior Account Executive , AI and Digital Native (NYC)
- 🤖 Senior Design Manager, AI
- 🤖 Senior Design Manager, Jira AI
- 🤖 Senior Manager, AI & Digital Natives
- 💻 Senior Software Engineer
- 🤖 Senior Solution Consultant, Teamwork Foundations + AI
- 🤖 Senior Systems Engineer — AI Code Metrics Daemon
- 💻 Software Engineer

## Signzy — Bengaluru
<https://www.signzy.com/careers/>

- 🎓 Associate Director - Enterprise Sales 865 days ago Chennai 7 years - 10 years Full Time
- 🎓 Sales Associate 11 days ago Mumbai 1 - 2 years Full Time

## Wingify — Pune
<https://wingify.com/careers/>

- 🤖 GenAI Engineer
- 💻 Senior Software Engineer - Client Services
- 💻 Software Engineer - QA (Client Services team)
- 💻 Software Engineer – Full Stack

# 🔔 New career-page entries — 2026-07-04T16:38:16

## Accenture — Bengaluru
<https://www.accenture.com/in-en/careers/jobsearch?fl=Bengaluru>

- 🤖 Enterprise AI Value Strategy Manager
- 🤖 IMU - AI & Data Manager
- 🎓 IMU Sales Capture Associate Director
- 🎓 Sales Capture Associate Director
- 🎓 Strategy Innovation Associate Director
- 🎓 Workplace Service Delivery Associate Manager
- 🎓 Workplace Service Delivery Associate Manager-Events

## Accenture — Hyderabad
<https://www.accenture.com/in-en/careers/jobsearch?fl=Hyderabad>

- 🤖 Enterprise AI Value Strategy Manager
- 🤖 IMU - AI & Data Manager
- 🎓 IMU Sales Capture Associate Director
- 🎓 Sales Capture Associate Director
- 🎓 Strategy Innovation Associate Director
- 🎓 Workplace Service Delivery Associate Manager
- 🎓 Workplace Service Delivery Associate Manager-Events

## Accenture — Pune
<https://www.accenture.com/in-en/careers/jobsearch?fl=Pune>

- 🤖 Enterprise AI Value Strategy Manager
- 🤖 IMU - AI & Data Manager
- 🎓 IMU Sales Capture Associate Director
- 🎓 Sales Capture Associate Director
- 🎓 Strategy Innovation Associate Director
- 🎓 Workplace Service Delivery Associate Manager
- 🎓 Workplace Service Delivery Associate Manager-Events

## Accenture — Gurugram
<https://www.accenture.com/in-en/careers/jobsearch?fl=Gurugram>

- 🤖 Enterprise AI Value Strategy Manager
- 🤖 IMU - AI & Data Manager
- 🎓 IMU Sales Capture Associate Director
- 🎓 Sales Capture Associate Director
- 🎓 Strategy Innovation Associate Director
- 🎓 Workplace Service Delivery Associate Manager
- 🎓 Workplace Service Delivery Associate Manager-Events

## Capgemini — India
<https://www.capgemini.com/in-en/careers/join-capgemini/job-search/>

- 🤖 AI ML Engineer Bangalore Products & Systems Engineering Permanent Experienced Professionals
- 💻 Lead Software Engineer - SAP TRM Bangalore, Gandhinagar, Mumbai, Pune Software Engineering Permanent Experienced Professionals

## IBM — India
<https://www.ibm.com/in-en/careers/search>

- 🤖 Consulting Technical Consultant-AI Integration Professional Bangalore, IN
- 🤖 Consulting Technical Consultant-AI Integration Professional Pune, IN
- 🎓 Enterprise Operations Process Associate Order Management - Health Care (Voice) Professional Gurgaon, IN
- 🎓 Infrastructure & Technology Entry Level Hardware Developer 2026 Entry Level Multiple Cities
- 🎓 Infrastructure & Technology Package Specialist 2026- Workday HCM & Compensation Entry Level Multiple Cities
- 🎓 Internship (89)
- 🎓 Sales Apprenti.e Metropole Program Manager – Ecosystème - IBM France - H/F Internship Bois Colombes Cedex, FR
- 🎓 Sales Entry Level Technical Sales Specialist Entry Level Bucharest, RO
- 💻 Software Engineering Application Developer-Cloud FullStack Professional Bangalore, IN
- 💻 Software Engineering Application Developer-Cloud FullStack Professional Hyderabad, IN
- 🎓 Software Engineering IBM Consulting Interns Internship QUEZON CITY, PH

## Bacancy Technology — Ahmedabad
<https://www.bacancytechnology.com/careers>

- .NET Developer
- 🤖 AI Developer
- AIOps Engineer
- AWS Developer
- Alexa Skill Developer
- Android Developer
- Angular Developer
- Automation Anywhere Developer
- Azure Developer
- C# Developer
- ChatGPT Developer
- Cloud Developer
- Data Analyst
- Data Engineer
- 🤖 Data Scientist
- Dedicated Developer/Teams
- DevOps
- DevOps Automation
- DevOps Consulting
- DevOps Containerization
- DevOps Developer
- DevOps Implementation
- DevsecOps Developer
- Django Developer
- Docker Developer
- Find a Developer
- Flutter Developer
- 💻 Full Stack Developer
- Golang Developer
- Google Cloud Developer
- HTML/CSS Developer
- 💻 Hire Backend Developer
- Hire Dedicated Developer
- Hire Flutterflow Developer
- 💻 Hire Frontend Developer
- 💻 Hire Frontend-developer
- Hire Mobile App Developer
- Hiring Software Developers
- Ionic Developer
- Java Developer
- Javascript Developer
- Kotlin Developer
- Kubernetes Developer
- Laravel Developer
- 🤖 ML Developer
- MS Dynamics 365 Developer
- Neural Network Developer
- Node Developer
- Offshore Developer
- OpenAI Developer
- PHP Developer
- Power BI Developer
- PowerBI Consultant
- Prompt Engineer
- Python Developer
- Pytorch Developer
- QA Testing
- Qlik Developer
- R Developer
- RPA Developer
- React Developer
- React Native Developer
- Remote Developer
- Ruby on Rails Developer
- Rust Developer
- Salesforce Developer
- See Opening
- ServiceNow Developer
- 💻 Software Developer
- Spring Boot Developer
- Tableau Consultant
- Tableau Developer
- Tailwind CSS Developer
- Terraform Developer
- UI/UX Developer
- UiPath Developer
- Vue Developer
- Web Designer
- 💻 Web Developer
- Webflow Developer
- iOS Developer

## Internshala (SDE) — India
<https://internshala.com/internships/software-development-internship/>

- 🎓 💻 Software Development Internships: 215+ Software Development Intern Jobs

## Kore.ai — Hyderabad
<https://kore.ai/careers/>

- 🤖 Lead AI Customer Engineer — Fanatic Customer Support

## MyCareersFuture (SDE) — Singapore
<https://www.mycareersfuture.gov.sg/search?search=software+engineer&sortBy=new_posting_date>

- 🎓 If you are a fresh graduate looking for a traineeship opportunity
- 🎓 Junior Executive

## MyCareersFuture (ML) — Singapore
<https://www.mycareersfuture.gov.sg/search?search=machine+learning&sortBy=new_posting_date>

- 🎓 If you are a fresh graduate looking for a traineeship opportunity
- 🎓 Junior Executive

## Cashfree — Bengaluru
<https://www.cashfree.com/careers/>

- 🎓 Associate Director - Banking & Alliance Product
- 💻 Software Development Engineer - 3

## Pine Labs — Noida
<https://www.pinelabs.com/careers>

- 🎓 Management Trainee Program
- 🎓 Our flagship summer internship program for students from premier B-schools.
- 🎓 Sales Trainee Program

## YC Work at a Startup — Remote
<https://www.workatastartup.com/jobs>

- 💻 Staff Software Engineer - Infrastructure

# 🔔 New career-page entries — 2026-07-04T19:13:48

## IBM — India
<https://www.ibm.com/in-en/careers/search>

- 🎓 Infrastructure & Technology Associate Technical SAP Package Specialist (September 2026 - Calgary) Entry Level Calgary, CA

## Internshala (ML) — India
<https://internshala.com/internships/machine-learning-internship/>

- 🎓 🤖 Machine Learning Internships: Find 132 Machine Learning Intern Jobs

## Internshala (SDE) — India
<https://internshala.com/internships/software-development-internship/>

- 🎓 💻 Software Development Internships: 207+ Software Development Intern Jobs

## Internshala (AI) — India
<https://internshala.com/internships/artificial-intelligence-internship/>

- 🎓 🤖 Artificial intelligence Internships: Find 150 Artificial intelligence Intern Jobs

## Alef Education — Dubai
<https://www.alefeducation.com/careers/>

- 🤖 Lead AI Engineer

## Thunes — Singapore
<https://www.thunes.com/careers/>

- 🎓 Enterprise Singapore Graduate Scheme

## Internshala (Data Science) — India
<https://internshala.com/internships/data-science-internship/>

- 🎓 🤖 Data Science Internships: Find 295 Data Science Intern Jobs

## Internshala (Web Dev) — India
<https://internshala.com/internships/web-development-internship/>

- 🎓 Web Development Internships: 314+ Web Development Intern Jobs

## Internshala (Python) — India
<https://internshala.com/internships/python-internship/>

- 🎓 Python Internships: Find 245 Python Intern Jobs

## Internshala (Full Stack) — India
<https://internshala.com/internships/full-stack-development-internship/>

- 🎓 💻 Full Stack Development Internships: 101+ Full Stack Development Intern Jobs

## Internshala (Frontend) — India
<https://internshala.com/internships/front-end-development-internship/>

- 🎓 💻 Front End Development Internships: Find 104 Front End Development Intern Jobs

## Internshala (Backend) — India
<https://internshala.com/internships/back-end-development-internship/>

- 🎓 💻 Backend Development Internships: Find 122 Backend Development Intern Jobs
- 💻 Software Engineer (Cloud & DevOps Exposure)

## Internshala (App Dev) — India
<https://internshala.com/internships/mobile-app-development-internship/>

- 🎓 Mobile App Development Internships: Find 63 Mobile App Development Intern Jobs

# 🔔 New career-page entries — 2026-07-05T03:24:55

## IBM — India
<https://www.ibm.com/in-en/careers/search>

- 🎓 Project Management Estágio na área de Internal Controls Internship HORTOLANDIA, BR
- 🎓 Sales Brand Technical Specialist Entry Level Esch-sur-Alzette, LU
- 💻 Software Engineering Application Developer-Cloud FullStack Professional Hyderabad, IN

## Peoplebox — Bengaluru
<https://www.peoplebox.ai/careers>

- 🎓 Associate Product Manager (APM) 60 days ago BANGALORE Full Time
- Content Marketing Manager 335 days ago BANGALORE 4-6 Full Time
- SEO Lead 219 days ago BANGALORE 4-6 Full Time
- 💻 Senior Backend Engineer 331 days ago BANGALORE 5-9 Full Time
- Talent Acquisition Lead 109 days ago BANGALORE 5+ Full Time

## Qualcomm — India
<https://careers.qualcomm.com/careers>

- 🎓 2. Associate Engineer

## Atlassian — Bengaluru
<https://www.atlassian.com/company/careers/all-jobs>

- 🤖 AI GTM Engineer, AI & Digital Natives
- 🎓 Account Associate, LATAM (Portuguese Speaking)
- 🎓 Associate Customer Success Manager
- 🎓 Associate Solution Engineer, Mid Market (West)
- 🤖 Inside Sales Account Executive, AI & Digital Natives
- 🤖 Principal Machine Learning Engineer
- 🤖 Principal Machine Learning Systems Engineer
- 🤖 Senior Account Executive , AI & Digital Natives (Bay Area)
- 🤖 Senior Account Executive , AI and Digital Native (NYC)
- 🤖 Senior Design Manager, AI
- 🤖 Senior Design Manager, Jira AI
- 🤖 Senior Manager, AI & Digital Natives
- 💻 Senior Software Engineer
- 🤖 Senior Solution Consultant, Teamwork Foundations + AI
- 🤖 Senior Systems Engineer — AI Code Metrics Daemon
- 💻 Software Engineer

## Kore.ai — Hyderabad
<https://kore.ai/careers/>

- 💻 Software Engineer/Senior Software Engineer - Technical Support

## MyCareersFuture (ML) — Singapore
<https://www.mycareersfuture.gov.sg/search?search=machine+learning&sortBy=new_posting_date>

- 🎓 If you are a fresh graduate looking for a traineeship opportunity
- 🎓 Junior Executive

## Gramener — Hyderabad
<https://gramener.com/careers/>

- 🤖 Data Scientist
- 🤖 Data Scientist Bangalore Validate the models developed against statistical robustness and business sense.
- 🎓 Internship is processed with technical assessment followed by discussion with the hiring manager.
- 🎓 Junior UI/UX Engineer Hyderabad/ Collaborate with marketing and sales teams to design and implement website updates and landing pages.
- 🤖 Lead Data Science Engineer at Gramener
- 🤖 Lead Data Scientist – SFE Analytics Hyderabad Worked extensively on SFE Analytics (Pharma preferred).
- 🤖 Python Developer – GenAI/NLP Integration Hyderabad/Bangalore Core Python Development: 4–8 years of hands-on experience.
- 💻 Senior Full-Stack Developer Bangalore AWS or Azure cloud, Server management with basic visualization.
- 🎓 What is your process for Campus Hiring?

## Wingify — Pune
<https://wingify.com/careers/>

- 🤖 GenAI Engineer
- 💻 Senior Software Engineer - Client Services
- 💻 Software Engineer - QA (Client Services team)
- 💻 Software Engineer – Full Stack

## Pine Labs — Noida
<https://www.pinelabs.com/careers>

- 🎓 Management Trainee Program
- 🎓 Our flagship summer internship program for students from premier B-schools.
- 🎓 Sales Trainee Program

## Tekion — Bengaluru
<https://tekion.com/careers>

- 💻 Architect, Software Engineering - Frontend - Integration

## Internshala (Data Science) — India
<https://internshala.com/internships/data-science-internship/>

- 🎓 🤖 Data Science Internships: Find 296 Data Science Intern Jobs

## Internshala (Web Dev) — India
<https://internshala.com/internships/web-development-internship/>

- 🎓 Web Development Internships: 312+ Web Development Intern Jobs

## Internshala (Full Stack) — India
<https://internshala.com/internships/full-stack-development-internship/>

- 🎓 💻 Full Stack Development Internships: 100+ Full Stack Development Intern Jobs

## Internshala (Backend) — India
<https://internshala.com/internships/back-end-development-internship/>

- 🎓 💻 Backend Development Internships: Find 121 Backend Development Intern Jobs

## FreshersWorld — India
<https://www.freshersworld.com/jobs/jobsearch/internship-jobs>

- 🎓 0 (Fresher)
- 🎓 52 Fresher Internship Job vacancies 2026
- 🎓 52 Latest Internship Training 2026 (Internship & Jobs). Updated on 5 July 2026)
- 🤖 AI Developer
- 🤖 AI Developer Jobs
- 🤖 AI ML Engineer
- 🤖 AI ML Engineer Jobs
- 🎓 ARE YOU A FRESHER?
- 🎓 ASSOCIATE
- 🎓 ASSOCIATE CSR
- 🎓 ASSOCIATE CSR Jobs
- 🎓 ASSOCIATE Jobs
- 🎓 Accountant Trainee Jobs Opening in Pearl Lemon at Central Delhi, Delhi Cantt., Delhi-Others, Bangalore, Mumbai, Delhi
- 🎓 Accounting Associate
- 🎓 Accounting Associate Jobs
- 🎓 Accounts Trainee
- 🎓 Accounts Trainee Jobs
- 🎓 Actuarial Associate
- 🎓 Actuarial Associate Jobs
- 💻 Analyst Programmer
- 💻 Analyst Programmer Jobs
- 🎓 Analytical Associate
- 🎓 Analytical Associate Jobs
- 🎓 Apply to Accountant Trainee Jobs in Pearl Lemon, Bangalo...
- 🎓 Apply to B2B Sales Intern Jobs in Uniserv.Tech, Mumbai f...
- 🎓 Apply to B2B Sales Intern Jobs in Value Score Business S...
- 🎓 Apply to Marketing Intern Jobs in P3 Infotech Solutions ...
- 🎓 Apply to Music-Tech Studio Fellow / Intern Jobs in Nath...
- 🎓 Apply to Operations Intern Jobs in Exson proptech privat...
- 🎓 Apply to QA Intern Jobs in Instawork, Bangalore from 0 t...
- 🤖 Apply to Software AI Testing Jobs in PRAM EDUCATE IT SO...
- 🎓 Apply to Software Tester Trainee Jobs in Spraxa Solution...
- 🎓 Apply to the Latest Internship Now on Freshersworld!
- 🎓 Apprentice trainee
- 🎓 Apprentice trainee Jobs
- 🎓 Apprentice trainee engineering
- 🎓 Apprentice trainee engineering Jobs
- 🎓 Associate - Logistics
- 🎓 Associate - Logistics Jobs
- 🎓 Associate - Supply Chain
- 🎓 Associate - Supply Chain Jobs
- 🎓 Associate -HR
- 🎓 Associate -HR Jobs
- 🎓 Associate Accounts Payble
- 🎓 Associate Accounts Payble Jobs
- 🎓 Associate Banking Operations
- 🎓 Associate Banking Operations Jobs
- 🎓 Associate Business Analyst
- 🎓 Associate Business Analyst Jobs
- 🎓 Associate Consultant
- 🎓 Associate Consultant Jobs
- 🎓 Associate Customer
- 🎓 Associate Customer Jobs
- 🎓 Associate Customer Support
- 🎓 Associate Customer Support Jobs
- 🎓 Associate Data Analyst
- 🎓 Associate Data Analyst Jobs
- 🎓 Associate Finance
- 🎓 Associate Finance Jobs
- 🎓 Associate HR
- 🎓 Associate HR Jobs
- 🎓 Associate Hire to Retire
- 🎓 Associate Hire to Retire Jobs
- 🎓 Associate In Process Quality
- 🎓 Associate In Process Quality Jobs
- 🎓 Associate MIS
- 🎓 Associate MIS Jobs
- 🎓 Associate Maintenance
- 🎓 Associate Maintenance Jobs
- 🎓 Associate Network Business Analytics
- 🎓 Associate Network Business Analytics Jobs
- 🎓 Associate Product Manager
- 🎓 Associate Quality Testing
- 🎓 Associate Quality Testing Jobs
- 🎓 Associate Recruiter
- 🎓 Associate Recruiter Jobs
- 🎓 💻 Associate Software Development
- 🎓 💻 Associate Software Development Jobs
- 🎓 Associate UI/UX Designer
- 🎓 Associate UI/UX Designer Jobs
- 🎓 Associate-HR
- 🎓 Associate-HR Jobs
- 🎓 Associate-Procurement
- 🎓 Associate-Procurement Jobs
- 🎓 B2B Sales Intern Jobs Opening in Uniserv.Tech at Goregaon West, Mumbai
- 🎓 B2B Sales Intern Jobs Opening in Value Score Business Solutions LLP at Andheri East, Mumbai
- 💻 Back End Developer
- 🎓 Back office Associate
- 🎓 Back office Associate Jobs
- 🎓 💻 Backend Associate
- 🎓 💻 Backend Associate Jobs
- 🎓 Browse All Internship Vacancies on Freshersworld
- 🎓 Browse these internship roles and find your ideal internship job on Freshersworld.
- 🎓 Campus Hiring Officer
- 🎓 Campus Hiring Officer Jobs
- 🎓 Campus Recruiter
- 🎓 Campus Recruiter Jobs
- 🎓 Can freshers without any prior experience get an internship in India?
- 🤖 Consultant – AI & Data Scientist
- 🤖 Consultant – AI & Data Scientist Jobs
- 💻 Content Management Web Developer
- 💻 Content Management Web Developer Jobs
- 🎓 Credit Card Associate
- 🎓 Credit Card Associate Jobs
- 🎓 Customer Support Associate
- 🎓 Customer Support Associate Jobs
- 🎓 Data Analyst Internship
- 🎓 Data Analyst Internship Jobs
- 🎓 🤖 Data Science Internship
- 🎓 🤖 Data Science Internship Jobs
- 🤖 Data Scientist
- 🤖 Data Scientist Jobs
- 🎓 Digital Associate
- 🎓 Digital Associate Jobs
- 🎓 Digital Content Management New Associate
- 🎓 Digital Content Management New Associate Jobs
- 🎓 Digital Marketing Internship
- 🎓 Digital Marketing Internship Jobs
- 🎓 Enterprise Sales Associate
- 🎓 Enterprise Sales Associate Jobs
- 🎓 Explore some of the most in-demand internship roles and internship programs available this year:
- 🎓 Field Sales Associate
- 🎓 Field Sales Associate Jobs
- 🎓 Finance Internship
- 🎓 Finance Internship Jobs
- 🎓 Floor Associate
- 🎓 Floor Associate Jobs
- 🎓 For Quality Associate
- 🎓 For Quality Associate Jobs
- 🎓 Freshersworld updates its internship listings daily with verified roles from:
- 💻 Full Stack Developer
- 💻 Fullstack Developer
- 💻 Fullstack Developer Jobs
- 🎓 GCPR Sales Associate
- 🎓 GCPR Sales Associate Jobs
- 🎓 Get notified instantly when new internship roles matching your profile are posted.
- 🎓 HR And Admin Trainee
- 🎓 HR And Admin Trainee Jobs
- 🎓 HR Associate
- 🎓 HR Associate Jobs
- 🎓 HR Service Delivery New Associate
- 🎓 HR Service Delivery New Associate Jobs
- 🎓 How important are online certifications for securing an internship?
- 🎓 Inclusive Insurance Associate
- 🎓 Inclusive Insurance Associate Jobs
- 🎓 Internship
- 🎓 Internship Jobs
- 🎓 Internship Jobs In Ahmedabad
- 🎓 Internship Jobs In Bangalore
- 🎓 Internship Jobs In Chennai
- 🎓 Internship Jobs In Delhi
- 🎓 Internship Jobs In Gurgaon
- 🎓 Internship Jobs In Hyderabad
- 🎓 Internship Jobs In Kolkata
- 🎓 Internship Jobs In Mumbai
- 🎓 Internship Jobs In Noida
- 🎓 Internship Jobs In Pune
- 🎓 Internship Jobs in your city
- 🎓 Internship Opportunities by City
- 🎓 Internship Vacancies – Your Gateway to the Latest Internships in India for Freshers
- 🎓 Inventory Squad Associate
- 🎓 Inventory Squad Associate Jobs
- 💻 Java Fullstack Developer
- 💻 Java Fullstack Developer Jobs
- 🎓 Jr Associate
- 🎓 Jr Associate Jobs
- 🎓 💻 Junior Software Developer
- 🎓 💻 Junior Software Developer Jobs
- 🎓 Keep it short, professional, and specific to each internship application.
- 🎓 Latest 52 Internship Jobs Openings 2026
- 🎓 Latest Internship Jobs
- 🎓 Latest Internship Openings on Freshersworld
- 🎓 Legal Associate Legal Completions
- 🎓 Legal Associate Legal Completions Jobs
- 🎓 Loader Operation Associate
- 🎓 Loader Operation Associate Jobs
- 🎓 MANGEMENT ASSOCIATE
- 🎓 MANGEMENT ASSOCIATE Jobs
- 🤖 ML Engineer
- 🤖 ML Engineer Jobs
- 🤖 Machine Learning Engineer
- 🤖 Machine Learning Engineer Jobs
- 🤖 Machine Learning Scientist
- 🤖 Machine Learning Scientist Jobs
- 🎓 Machining Associate
- 🎓 Machining Associate Jobs
- 🎓 Management Trainee
- 🎓 Management Trainee Jobs
- 🎓 Many companies offer Pre-Placement Offers (PPOs) to top-performing interns, converting your internship into a permanent role.
- 🎓 Market Research Associate
- 🎓 Market Research Associate Jobs
- 🎓 Market Research Trainee
- 🎓 Market Research Trainee Jobs
- 🎓 Marketing Intern Jobs Opening in P3 Infotech Solutions Pvt Ltd at Gurgaon-Others, Gurgaon
- 🎓 Mechanical Trainee
- 🎓 Mechanical Trainee Jobs
- 🎓 Middle Office Risk Support Associate
- 🎓 Middle Office Risk Support Associate Jobs
- 🎓 Music-Tech Studio Fellow / Intern Jobs Opening in Nathaniel School of Music at Bangalore
- 🎓 Naps /WILP Trainee ( Production
- 🎓 Naps /WILP Trainee ( Production Jobs
- 🎓 Operations Intern Jobs Opening in Exson proptech private limited at Bhopal-Others, Bhopal
- 🎓 Other Graduate
- 🎓 Other Post Graduate
- 🎓 PTP Associate
- 🎓 PTP Associate Jobs
- 🎓 Paid Internship
- 🎓 Paid Internship Jobs
- 💻 Principal Software Engineer IT
- 💻 Principal Software Engineer IT Jobs
- 🎓 Process Associate Trainee
- 🎓 Process Associate Trainee Jobs
- 🎓 Procure to Pay Associate
- 🎓 Procure to Pay Associate Jobs
- 🎓 Procure to Pay New Associate
- 🎓 Procure to Pay New Associate Jobs
- 🎓 Procurement Associate
- 🎓 Procurement Associate Jobs
- 🎓 Production Trainee
- 🎓 Production Trainee Jobs
- 🎓 Program Management Associate
- 🎓 Program Management Associate Jobs
- 🎓 Project Management Associate
- 🎓 Project Management Associate Jobs
- 🎓 QA Intern Jobs Opening in Instawork at Koramangala, Bangalore
- 🎓 Quality Assurance Trainee
- 🎓 Quality Assurance Trainee Jobs
- 🎓 Regulatory Affairs associate
- 🎓 Regulatory Affairs associate Jobs
- 🎓 Regulatory Associate
- 🎓 Regulatory Associate Jobs
- 🎓 Regulatory Operation Associate
- 🎓 Regulatory Operation Associate Jobs
- 🎓 Regulatory Operations Associate
- 🎓 Regulatory Operations Associate Jobs
- 💻 Remote Front End Developer
- 💻 Remote Front End Developer Jobs
- 💻 Remote Software Developer
- 💻 Remote Software Developer Jobs
- 💻 Remote Software Engineer
- 💻 Remote Software Engineer Jobs
- 💻 Remote Web Developer
- 💻 Remote Web Developer Jobs
- 🎓 SAP FICO Associate Consultant
- 🎓 SAP FICO Associate Consultant Jobs
- 🎓 Sales Associate
- 🎓 Sales Associate FMCG
- 🎓 Sales Associate FMCG Jobs
- 🎓 Sales Associate Jobs
- 🎓 Sales Trainee
- 🎓 Sales Trainee Jobs
- 🎓 Salesforce Trainee
- 🎓 Salesforce Trainee Jobs
- 🎓 Senior Associate
- 🎓 Senior Associate - HR
- 🎓 Senior Associate - HR Jobs
- 🎓 Senior Associate Jobs
- 🎓 Senior Associate Order to Cash
- 🎓 Senior Associate Order to Cash Jobs
- 💻 Senior Front End Developer
- 💻 Senior Front End Developer Jobs
- 💻 Senior Full Stack Developer
- 💻 Senior Full Stack Developer Jobs
- 🎓 Senior Sales Associate
- 🎓 Senior Sales Associate Jobs
- 💻 Senior Software Developer
- 💻 Senior Software Developer Jobs
- 💻 Senior Software Engineer
- 💻 Senior Software Engineer Jobs
- 🎓 Senior sale associate
- 🎓 Senior sale associate Jobs
- 🤖 Software AI Testing Jobs Opening in PRAM EDUCATE IT SOFTWARE LLP at Wakad, Pune-Others, Pune
- 💻 Software Developer
- 💻 Software Developer Jobs
- 💻 Software Engineer
- 🎓 💻 Software Engineer - Trainee
- 🎓 💻 Software Engineer - Trainee Jobs
- 💻 Software Engineer II
- 💻 Software Engineer II Jobs
- 💻 Software Engineer Jobs
- 🎓 Software Tester Trainee Jobs Opening in Spraxa Solutions Pvt Ltd. at Noida City Centre, Sector 15, Noida, Sector 18, Noida, Noida
- 💻 Sr Software Engineer
- 💻 Sr Software Engineer Jobs
- 🎓 Summer Internship
- 🎓 Summer Internship Jobs
- 🎓 Supply chain trainee
- 🎓 Supply chain trainee Jobs
- 🎓 Technical Associate
- 🎓 Technical Associate Jobs
- 🎓 Technical Support Associate
- 🎓 Technical Support Associate Jobs
- 🎓 Tele Calling Associate Sales A
- 🎓 Tele Calling Associate Sales A Jobs
- 🎓 Tips to Get Selected for an Internship
- 🎓 To stand out in the competitive landscape of internship applications:
- 🎓 Top Internship Roles Hiring in India (2026)
- 🎓 Trainee Apprentice
- 🎓 Trainee Apprentice Jobs
- 🎓 Trainee EGC
- 🎓 Trainee EGC Jobs
- 🎓 Trainee Engineer
- 🎓 Trainee Engineer Jobs
- 🎓 Trainee Operator
- 🎓 Trainee Operator Jobs
- 🎓 Trainee Store Risk Management
- 🎓 Trainee Store Risk Management Jobs
- 🎓 Transaction Processing New Associate
- 🎓 Transaction Processing New Associate Jobs
- 🎓 Transaction processing associate
- 🎓 Transaction processing associate Jobs
- 💻 Web Developer
- 💻 Web Developer Jobs
- 🎓 What is the best way to find verified internship opportunities in India?
- 🎓 Work From Home Internship
- 🎓 Work From Home Internship Jobs
- 🎓 franchise associate
- 🎓 franchise associate Jobs
- 🎓 internship vacancies
- 🎓 production trainee
- 🎓 production trainee Jobs
- 🎓 transaction new associate
- 🎓 transaction new associate Jobs

## YC Work at a Startup — Remote
<https://www.workatastartup.com/jobs>

- 🎓 Electrical Engineering Intern
- 💻 Fullstack Engineer
- 🤖 ML Engineer
- 💻 Senior Software Engineer, Email Team

## HealthKart — Gurugram
<https://www.healthkart.com/careers>

- 💻 Senior Java Software Engineer

## Airwallex — Singapore
<https://www.airwallex.com/careers>

- 🎓 Senior Associate, Partner Marketing, CN Marketing Marketing • Shanghai APAC , Shanghai Shanghai
- 💻 Staff Software Engineer, Search Platform Engineering Singapore

# 🔔 New career-page entries — 2026-07-05T08:53:17

## IBM — India
<https://www.ibm.com/in-en/careers/search>

- 🤖 Consulting Technical Consultant-AI Integration Professional Pune, IN
- 🎓 Enterprise Operations Process Associate Order Management - Health Care (Voice) Professional Gurgaon, IN

## Bacancy Technology — Ahmedabad
<https://www.bacancytechnology.com/careers>

- .NET Developer
- 🤖 AI Developer
- AIOps Engineer
- AWS Developer
- Alexa Skill Developer
- Android Developer
- Angular Developer
- Automation Anywhere Developer
- Azure Developer
- C# Developer
- ChatGPT Developer
- Cloud Developer
- Data Analyst
- Data Engineer
- 🤖 Data Scientist
- Dedicated Developer/Teams
- DevOps
- DevOps Automation
- DevOps Consulting
- DevOps Containerization
- DevOps Developer
- DevOps Implementation
- DevsecOps Developer
- Django Developer
- Docker Developer
- Find a Developer
- Flutter Developer
- 💻 Full Stack Developer
- Golang Developer
- Google Cloud Developer
- HTML/CSS Developer
- 💻 Hire Backend Developer
- Hire Dedicated Developer
- Hire Flutterflow Developer
- 💻 Hire Frontend Developer
- 💻 Hire Frontend-developer
- Hire Mobile App Developer
- Hiring Software Developers
- Ionic Developer
- Java Developer
- Javascript Developer
- Kotlin Developer
- Kubernetes Developer
- Laravel Developer
- 🤖 ML Developer
- MS Dynamics 365 Developer
- Neural Network Developer
- Node Developer
- Offshore Developer
- OpenAI Developer
- PHP Developer
- Power BI Developer
- PowerBI Consultant
- Prompt Engineer
- Python Developer
- Pytorch Developer
- QA Testing
- Qlik Developer
- R Developer
- RPA Developer
- React Developer
- React Native Developer
- Remote Developer
- Ruby on Rails Developer
- Rust Developer
- Salesforce Developer
- See Opening
- ServiceNow Developer
- 💻 Software Developer
- Spring Boot Developer
- Tableau Consultant
- Tableau Developer
- Tailwind CSS Developer
- Terraform Developer
- UI/UX Developer
- UiPath Developer
- Vue Developer
- Web Designer
- 💻 Web Developer
- Webflow Developer
- iOS Developer

## Keka HR — Hyderabad
<https://www.keka.com/careers>

- Hiring & Onboarding
- Hiring & Onboarding Create a great candidate experience before and after joining
- Hiring Software
- We are hiring !

## Internshala (ML) — India
<https://internshala.com/internships/machine-learning-internship/>

- 🎓 🤖 Machine Learning Internships: Find 131 Machine Learning Intern Jobs

## Internshala (SDE) — India
<https://internshala.com/internships/software-development-internship/>

- 🎓 💻 Software Development Internships: 208+ Software Development Intern Jobs

## Internshala (AI) — India
<https://internshala.com/internships/artificial-intelligence-internship/>

- 🎓 🤖 Artificial intelligence Internships: Find 149 Artificial intelligence Intern Jobs

## Qualcomm — India
<https://careers.qualcomm.com/careers>

- 🎓 4. Associate Engineer

## Grab — Singapore
<https://grab.careers/>

- 🎓 GRIT Trainee

## Thunes — Singapore
<https://www.thunes.com/careers/>

- 🎓 Enterprise Singapore Graduate Scheme

## Internshala (Data Science) — India
<https://internshala.com/internships/data-science-internship/>

- 🎓 🤖 Data Science Internships: Find 295 Data Science Intern Jobs

## Internshala (Web Dev) — India
<https://internshala.com/internships/web-development-internship/>

- 🎓 Web Development Internships: 313+ Web Development Intern Jobs

## Internshala (Full Stack) — India
<https://internshala.com/internships/full-stack-development-internship/>

- 🎓 💻 Full Stack Development Internships: 101+ Full Stack Development Intern Jobs

## Internshala (Frontend) — India
<https://internshala.com/internships/front-end-development-internship/>

- 🎓 💻 Front End Development Internships: Find 103 Front End Development Intern Jobs

## Internshala (Backend) — India
<https://internshala.com/internships/back-end-development-internship/>

- 🎓 💻 Backend Development Internships: Find 120 Backend Development Intern Jobs

## Internshala (App Dev) — India
<https://internshala.com/internships/mobile-app-development-internship/>

- 🎓 Mobile App Development Internships: Find 62 Mobile App Development Intern Jobs

## YC Work at a Startup — Remote
<https://www.workatastartup.com/jobs>

- 💻 Founding Backend Engineer
- 💻 Staff Software Engineer, SMS Team (Fullstack)

## AICTE Internship Portal — India
<https://internship.aicte-india.org/>

- 🎓 1 Crore Internship By 2027 | 79,57,193+ Internships | 82211 Companies

## Airwallex — Singapore
<https://www.airwallex.com/careers>

- 🎓 Associate Director, Technical Accounting Finance and Corporate Development Americas, San Francisco
- 💻 Principal Software Engineer, Tech Platform, Edge Team Engineering Singapore
- 🤖 Senior Manager, Operations Strategy (AI Enablement) Operations Management Operations Management • London EMEA , London London
- 💻 Senior Software Engineer, Scale Engineering Engineering • London EMEA , London London
- 💻 Staff Software Engineer, Onboarding Team Engineering Singapore

## Webs Optimization — Ahmedabad
<https://www.websoptimization.com/career>

- 💻 (as a developer, software engineer, or similar technical role)
- 💻 Full Stack Java Developer (Angular + Spring)
- 💻 Job Opportunity | Sr. Full Stack Java Developer | Ahmedabad (Work from Office)
- 💻 Mernstack Full Stack Developer
- 💻 Sr. Full Stack Java Developer
- 💻 Sr. Full Stack Java Developer (Angular + Spring)

## Nevina Infotech — Ahmedabad
<https://nevinainfotech.com/career>

- 💻 Hire Web Developer

# 🔔 New career-page entries — 2026-07-05T13:39:34

## Accenture — Bengaluru
<https://www.accenture.com/in-en/careers/jobsearch?fl=Bengaluru>

- 💻 Custom Software Engineer
- 🎓 Procure to Pay Operations New Associate
- 🎓 Procurement Practice Associate Manager

## Accenture — Hyderabad
<https://www.accenture.com/in-en/careers/jobsearch?fl=Hyderabad>

- 💻 Custom Software Engineer
- 🎓 Procure to Pay Operations New Associate
- 🎓 Procurement Practice Associate Manager

## Accenture — Pune
<https://www.accenture.com/in-en/careers/jobsearch?fl=Pune>

- 💻 Custom Software Engineer
- 🎓 Procure to Pay Operations New Associate
- 🎓 Procurement Practice Associate Manager

## Accenture — Gurugram
<https://www.accenture.com/in-en/careers/jobsearch?fl=Gurugram>

- 💻 Custom Software Engineer
- 🎓 Procure to Pay Operations New Associate
- 🎓 Procurement Practice Associate Manager

## Meesho — Bengaluru
<https://www.meesho.io/jobs>

- AM/ Manager - Risk & Decision Science Financial Services Bangalore, Karnataka
- Architect - Android Tech Bangalore, Karnataka
- Assistant Manager - Business Finance Finance, Legal & PR Bangalore, Karnataka
- Assistant Manager – HR HR & CREWS Bangalore, Karnataka
- Assistant Manager – Reporting and GL Finance, Legal & PR Bangalore, Karnataka
- Assistant Manager- Legal Finance, Legal & PR Bangalore, Karnataka
- 🎓 Associate Compliance Manager Tech Bangalore, Karnataka
- 🎓 Associate Director - Business Finance Finance, Legal & PR Bangalore, Karnataka
- 🎓 🤖 Associate Director - Enterprise Sales- Meesho AI Services (MAS) AI Services Mumbai, Maharashtra
- 🎓 Associate Director Financial Services Bangalore, Karnataka
- 🎓 Associate Director — Industry Intelligence & Benchmarking Finance, Legal & PR Bangalore, Karnataka
- Automation engineer (Warehouse Automation) Tech Bangalore, Karnataka
- 🤖 Data Scientist III Tech Bangalore, Karnataka

## Internshala (ML) — India
<https://internshala.com/internships/machine-learning-internship/>

- 🎓 🤖 Machine Learning Internships: Find 130 Machine Learning Intern Jobs

## Internshala (AI) — India
<https://internshala.com/internships/artificial-intelligence-internship/>

- 🎓 🤖 Artificial intelligence Internships: Find 148 Artificial intelligence Intern Jobs

## Qualcomm — India
<https://careers.qualcomm.com/careers>

- 🎓 3. Associate Engineer

## Atlassian — Bengaluru
<https://www.atlassian.com/company/careers/all-jobs>

- 🤖 AI GTM Engineer, AI & Digital Natives
- 🎓 Account Associate, LATAM (Portuguese Speaking)
- 🎓 Associate Customer Success Manager
- 🎓 Associate Solution Engineer, Mid Market (West)
- 🤖 Inside Sales Account Executive, AI & Digital Natives
- 🤖 Principal Machine Learning Engineer
- 🤖 Principal Machine Learning Systems Engineer
- 🤖 Senior Account Executive , AI & Digital Natives (Bay Area)
- 🤖 Senior Account Executive , AI and Digital Native (NYC)
- 🤖 Senior Design Manager, AI
- 🤖 Senior Design Manager, Jira AI
- 🤖 Senior Manager, AI & Digital Natives
- 💻 Senior Software Engineer
- 🤖 Senior Solution Consultant, Teamwork Foundations + AI
- 🤖 Senior Systems Engineer — AI Code Metrics Daemon
- 💻 Software Engineer

## MyCareersFuture (SDE) — Singapore
<https://www.mycareersfuture.gov.sg/search?search=software+engineer&sortBy=new_posting_date>

- 🎓 If you are a fresh graduate looking for a traineeship opportunity
- 🎓 Junior Executive

## Internshala (Data Science) — India
<https://internshala.com/internships/data-science-internship/>

- 🎓 🤖 Data Science Internships: Find 294 Data Science Intern Jobs

## YC Work at a Startup — Remote
<https://www.workatastartup.com/jobs>

- 💻 Backend Engineer
- 💻 Fullstack Engineer

## Airwallex — Singapore
<https://www.airwallex.com/careers>

- 💻 Senior Software Engineer (Android), Financial Platform Engineering APAC, Singapore
- 🤖 Staff Data Scientist, Algorithm, Financial Markets Engineering Americas, San Francisco
- 💻 Staff Software Engineer, Growth Engineering Engineering • Singapore APAC , Singapore Singapore
- 💻 Staff Software Engineer, Scale Engineering London

## Setu — Bengaluru
<https://setu.co/careers>

- 💻 SDE - II Backend Engineer
- 💻 SDE - II Fullstack Engineer

## Softweb Solutions — Ahmedabad
<https://www.softwebsolutions.com/careers.html>

- 🎓 Intern
- 💻 Software Developer

# 🔔 New career-page entries — 2026-07-05T19:18:25

## Accenture — Bengaluru
<https://www.accenture.com/in-en/careers/jobsearch?fl=Bengaluru>

- 🤖 Enterprise AI Value Strategy Manager
- 🤖 IMU - AI & Data Manager
- 🎓 IMU Sales Capture Associate Director
- 🎓 Sales Capture Associate Director
- 🎓 Strategy Innovation Associate Director
- 🎓 Workplace Service Delivery Associate Manager
- 🎓 Workplace Service Delivery Associate Manager-Events

## Accenture — Hyderabad
<https://www.accenture.com/in-en/careers/jobsearch?fl=Hyderabad>

- 🤖 Enterprise AI Value Strategy Manager
- 🤖 IMU - AI & Data Manager
- 🎓 IMU Sales Capture Associate Director
- 🎓 Sales Capture Associate Director
- 🎓 Strategy Innovation Associate Director
- 🎓 Workplace Service Delivery Associate Manager
- 🎓 Workplace Service Delivery Associate Manager-Events

## Accenture — Pune
<https://www.accenture.com/in-en/careers/jobsearch?fl=Pune>

- 🤖 Enterprise AI Value Strategy Manager
- 🤖 IMU - AI & Data Manager
- 🎓 IMU Sales Capture Associate Director
- 🎓 Sales Capture Associate Director
- 🎓 Strategy Innovation Associate Director
- 🎓 Workplace Service Delivery Associate Manager
- 🎓 Workplace Service Delivery Associate Manager-Events

## Accenture — Gurugram
<https://www.accenture.com/in-en/careers/jobsearch?fl=Gurugram>

- 🤖 Enterprise AI Value Strategy Manager
- 🤖 IMU - AI & Data Manager
- 🎓 IMU Sales Capture Associate Director
- 🎓 Sales Capture Associate Director
- 🎓 Strategy Innovation Associate Director
- 🎓 Workplace Service Delivery Associate Manager
- 🎓 Workplace Service Delivery Associate Manager-Events

## Internshala (ML) — India
<https://internshala.com/internships/machine-learning-internship/>

- 🎓 🤖 Machine Learning Internships: Find 127 Machine Learning Intern Jobs

## Internshala (SDE) — India
<https://internshala.com/internships/software-development-internship/>

- 🎓 💻 Software Development Internships: 201+ Software Development Intern Jobs

## Internshala (AI) — India
<https://internshala.com/internships/artificial-intelligence-internship/>

- 🎓 🤖 Artificial intelligence Internships: Find 145 Artificial intelligence Intern Jobs

## YCombinator Jobs — Bengaluru
<https://www.ycombinator.com/jobs/location/bengaluru>

- 🤖 Vahan (S19) • AI recruiter for India's massive blue-collar workforce ( 13 days ago)

## Qualcomm — India
<https://careers.qualcomm.com/careers>

- 🎓 2. Associate Engineer

## Wingify — Pune
<https://wingify.com/careers/>

- 🤖 GenAI Engineer
- 💻 Senior Software Engineer - Client Services
- 💻 Software Engineer - QA (Client Services team)
- 💻 Software Engineer – Full Stack

## Pine Labs — Noida
<https://www.pinelabs.com/careers>

- 🎓 Management Trainee Program
- 🎓 Our flagship summer internship program for students from premier B-schools.
- 🎓 Sales Trainee Program

## Internshala (Data Science) — India
<https://internshala.com/internships/data-science-internship/>

- 🎓 🤖 Data Science Internships: Find 288 Data Science Intern Jobs

## Internshala (Web Dev) — India
<https://internshala.com/internships/web-development-internship/>

- 🎓 Web Development Internships: 304+ Web Development Intern Jobs

## Internshala (Python) — India
<https://internshala.com/internships/python-internship/>

- 🎓 Python Internships: Find 240 Python Intern Jobs

## Internshala (Full Stack) — India
<https://internshala.com/internships/full-stack-development-internship/>

- 🎓 💻 Full Stack Development Internships: 100+ Full Stack Development Intern Jobs

## Internshala (Frontend) — India
<https://internshala.com/internships/front-end-development-internship/>

- 🎓 💻 Front End Development Internships: Find 102 Front End Development Intern Jobs

## Internshala (Backend) — India
<https://internshala.com/internships/back-end-development-internship/>

- 🎓 💻 Backend Development Internships: Find 115 Backend Development Intern Jobs

## Internshala (App Dev) — India
<https://internshala.com/internships/mobile-app-development-internship/>

- 🎓 Mobile App Development Internships: Find 60 Mobile App Development Intern Jobs

## YC Work at a Startup — Remote
<https://www.workatastartup.com/jobs>

- 🎓 Engineering Intern
- 💻 Frontend Engineer
- 💻 Senior Software Engineer, Email Team

## AICTE Internship Portal — India
<https://internship.aicte-india.org/>

- 🎓 1 Crore Internship By 2027 | 79,57,193+ Internships | 82213 Companies

## Digicorp — Ahmedabad
<https://www.digi-corp.com/careers>

- 💻 Software Developer
- 💻 Sr. Software Developer

## Radixweb — Ahmedabad
<https://radixweb.com/current-openings>

- 🎓 Associate Content Marketer More Details
- 🤖 Senior AI Engineer More Details
- 🤖 Senior AI/ML Engineer (Data Science & MLOps) More Details
- 🤖 Senior AI/ML Engineer (LLM & Agentic Systems) More Details
- 💻 Senior Software Engineer - Python/React More Details
- 🎓 💻 Trainee Software Engineer More Details

# 🔔 New career-page entries — 2026-07-06T03:33:02

## Accenture — Bengaluru
<https://www.accenture.com/in-en/careers/jobsearch?fl=Bengaluru>

- 💻 Custom Software Engineer
- 🎓 Record to Report Operations Associate
- 🎓 Record to Report Ops Associate
- 🤖 S&C GN - TS&T – Digital Foundations - AI & Data Strategy - Consultant
- 🤖 S&C GN - TS&T – Digital Foundations - AI Op Model & Governance - Consultant
- 🤖 S&C GN - TS&T – Digital Foundations - AI Op Model & Governance - Manager
- 🤖 S&C GN - TS&T – Digital Foundations - AI Op Model & Governance - Senior Manager
- 🎓 Software/Application/Cloud Tech Support Associate

## Accenture — Hyderabad
<https://www.accenture.com/in-en/careers/jobsearch?fl=Hyderabad>

- 💻 Custom Software Engineer
- 🎓 Record to Report Operations Associate
- 🎓 Record to Report Ops Associate
- 🤖 S&C GN - TS&T – Digital Foundations - AI & Data Strategy - Consultant
- 🤖 S&C GN - TS&T – Digital Foundations - AI Op Model & Governance - Consultant
- 🤖 S&C GN - TS&T – Digital Foundations - AI Op Model & Governance - Manager
- 🤖 S&C GN - TS&T – Digital Foundations - AI Op Model & Governance - Senior Manager
- 🎓 Software/Application/Cloud Tech Support Associate

## Accenture — Pune
<https://www.accenture.com/in-en/careers/jobsearch?fl=Pune>

- 💻 Custom Software Engineer
- 🎓 Record to Report Operations Associate
- 🎓 Record to Report Ops Associate
- 🤖 S&C GN - TS&T – Digital Foundations - AI & Data Strategy - Consultant
- 🤖 S&C GN - TS&T – Digital Foundations - AI Op Model & Governance - Consultant
- 🤖 S&C GN - TS&T – Digital Foundations - AI Op Model & Governance - Manager
- 🤖 S&C GN - TS&T – Digital Foundations - AI Op Model & Governance - Senior Manager
- 🎓 Software/Application/Cloud Tech Support Associate

## Accenture — Gurugram
<https://www.accenture.com/in-en/careers/jobsearch?fl=Gurugram>

- 💻 Custom Software Engineer
- 🎓 Record to Report Operations Associate
- 🎓 Record to Report Ops Associate
- 🤖 S&C GN - TS&T – Digital Foundations - AI & Data Strategy - Consultant
- 🤖 S&C GN - TS&T – Digital Foundations - AI Op Model & Governance - Consultant
- 🤖 S&C GN - TS&T – Digital Foundations - AI Op Model & Governance - Manager
- 🤖 S&C GN - TS&T – Digital Foundations - AI Op Model & Governance - Senior Manager
- 🎓 Software/Application/Cloud Tech Support Associate

## Capgemini — India
<https://www.capgemini.com/in-en/careers/join-capgemini/job-search/>

- 🤖 Palantir Developer Chennai (ex Madras), Hyderabad, Bangalore, Mumbai, Pune Data & AI Permanent Experienced Professionals

## Cognizant — India
<https://careers.cognizant.com/global-en/jobs/>

- 🤖 Lead QA Automation Engineer – Playwright & AI
- 🤖 💻 Lead SDET / QA Automation Engineer (Playwright & AI)

## Cognizant — India
<https://careers.cognizant.com/india-en/jobs/>

- 🤖 Lead QA Automation Engineer – Playwright & AI
- 🤖 💻 Lead SDET / QA Automation Engineer (Playwright & AI)

## Zenskar — Bengaluru
<https://www.zenskar.com/careers>

- Account Executive-Mid Market(US)
- 🎓 Content Marketing Intern
- Customer Success & Solutions Manager
- 🎓 Customer Success Intern
- Engineering Manager
- Enterprise Account Executive (US)
- Finance Executive
- Forward Deployed Engineer
- 🎓 Intern @ Zenskar
- Product Manager
- Product Security Engineer
- 🎓 Revenue Operations Intern
- Senior Forward Deployed Engineer
- 🤖 Senior GenAI Engineer
- Senior Solutions Engineer (US)
- Solutions Consultant
- 💻 Tech Lead - Backend
- Technical Support Engineer
- We're hiring across every function. Here's where we're building right now.
- or apply via our careers page here:

## Peoplebox — Bengaluru
<https://www.peoplebox.ai/careers>

- 🎓 Associate Product Manager (APM) 61 days ago BANGALORE Full Time
- Content Marketing Manager 336 days ago BANGALORE 4-6 Full Time
- SEO Lead 220 days ago BANGALORE 4-6 Full Time
- 💻 Senior Backend Engineer 332 days ago BANGALORE 5-9 Full Time
- Talent Acquisition Lead 110 days ago BANGALORE 5+ Full Time

## Qualcomm — India
<https://careers.qualcomm.com/careers>

- 🤖 Audio ML Systems Engineer Suwon, Gyeonggi-do, Korea, Republic of Systems Engineering Posted 3 days ago

## Atlassian — Bengaluru
<https://www.atlassian.com/company/careers/all-jobs>

- 🤖 AI GTM Engineer, AI & Digital Natives
- 🎓 Account Associate, LATAM (Portuguese Speaking)
- 🎓 Associate Customer Success Manager
- 🎓 Associate Solution Engineer, Mid Market (West)
- 🤖 Inside Sales Account Executive, AI & Digital Natives
- 🤖 Principal Machine Learning Engineer
- 🤖 Principal Machine Learning Systems Engineer
- 🤖 Senior Account Executive , AI & Digital Natives (Bay Area)
- 🤖 Senior Account Executive , AI and Digital Native (NYC)
- 🤖 Senior Design Manager, AI
- 🤖 Senior Design Manager, Jira AI
- 🤖 Senior Manager, AI & Digital Natives
- 💻 Senior Software Engineer
- 🤖 Senior Solution Consultant, Teamwork Foundations + AI
- 🤖 Senior Systems Engineer — AI Code Metrics Daemon
- 💻 Software Engineer

## Kore.ai — Hyderabad
<https://kore.ai/careers/>

- 🤖 AI Solution Sales Specialist
- 🤖 Lead AI Customer Engineer — Fanatic Customer Support
- 💻 Software Engineer/Senior Software Engineer - Technical Support

## MyCareersFuture (SDE) — Singapore
<https://www.mycareersfuture.gov.sg/search?search=software+engineer&sortBy=new_posting_date>

- 🎓 If you are a fresh graduate looking for a traineeship opportunity
- 🎓 Junior Executive

## Internshala (Data Science) — India
<https://internshala.com/internships/data-science-internship/>

- 🎓 Operations & Strategy Intern

## Internshala (Web Dev) — India
<https://internshala.com/internships/web-development-internship/>

- 🎓 Web Development Internships: 303+ Web Development Intern Jobs

## YC Work at a Startup — Remote
<https://www.workatastartup.com/jobs>

- 🤖 ML Engineer
- 💻 Staff Software Engineer, SMS Team (Fullstack)

## Airwallex — Singapore
<https://www.airwallex.com/careers>

- 🤖 Senior Product Manager, Kai (AI assistant) Product Product • Singapore APAC , Singapore Singapore
- 💻 Senior Software Engineer, Financial Platform Engineering APAC, Singapore
- 💻 Senior Software Engineer, GTPN Platform Engineering Engineering • Singapore APAC , Singapore Singapore
- 💻 Senior Software Engineer, Scale Engineering London
- 💻 Software Engineer II (Android), Financial Platform Engineering APAC, Singapore

## Softweb Solutions — Ahmedabad
<https://www.softwebsolutions.com/careers.html>

- 🎓 Intern
- 💻 Software Developer

# 🔔 New career-page entries — 2026-07-06T10:22:19

## Accenture — Bengaluru
<https://www.accenture.com/in-en/careers/jobsearch?fl=Bengaluru>

- 🤖 Enterprise AI Value Strategy Manager
- 🤖 IMU - AI & Data Manager
- 🎓 IMU Sales Capture Associate Director
- 🎓 Sales Capture Associate Director
- 🎓 Strategy Innovation Associate Director
- 🎓 Workplace Service Delivery Associate Manager
- 🎓 Workplace Service Delivery Associate Manager-Events

## Accenture — Hyderabad
<https://www.accenture.com/in-en/careers/jobsearch?fl=Hyderabad>

- 🤖 Enterprise AI Value Strategy Manager
- 🤖 IMU - AI & Data Manager
- 🎓 IMU Sales Capture Associate Director
- 🎓 Sales Capture Associate Director
- 🎓 Strategy Innovation Associate Director
- 🎓 Workplace Service Delivery Associate Manager
- 🎓 Workplace Service Delivery Associate Manager-Events

## Accenture — Pune
<https://www.accenture.com/in-en/careers/jobsearch?fl=Pune>

- 🤖 Enterprise AI Value Strategy Manager
- 🤖 IMU - AI & Data Manager
- 🎓 IMU Sales Capture Associate Director
- 🎓 Sales Capture Associate Director
- 🎓 Strategy Innovation Associate Director
- 🎓 Workplace Service Delivery Associate Manager
- 🎓 Workplace Service Delivery Associate Manager-Events

## Accenture — Gurugram
<https://www.accenture.com/in-en/careers/jobsearch?fl=Gurugram>

- 🤖 Enterprise AI Value Strategy Manager
- 🤖 IMU - AI & Data Manager
- 🎓 IMU Sales Capture Associate Director
- 🎓 Sales Capture Associate Director
- 🎓 Strategy Innovation Associate Director
- 🎓 Workplace Service Delivery Associate Manager
- 🎓 Workplace Service Delivery Associate Manager-Events

## Capgemini — India
<https://www.capgemini.com/in-en/careers/join-capgemini/job-search/>

- 🎓 Associate Business Advisor Noida Business Analysis Permanent Experienced Professionals
- 💻 Lead Software Engineer Bangalore Software Engineering Permanent Executives
- 💻 Senior Software Engineer Chennai (ex Madras) Software Engineering Permanent Experienced Professionals
- 💻 Senior Software Engineer Hyderabad Software Engineering Permanent Experienced Professionals
- 💻 Senior Software Engineer Pune Software Engineering Permanent Experienced Professionals
- 💻 Software Engineer Bangalore Software Engineering Permanent Executives

## IBM — India
<https://www.ibm.com/in-en/careers/career-opportunities>

- 🎓 Entry Level - Storage Sales Specialist

## Cognizant — India
<https://careers.cognizant.com/global-en/jobs/>

- 💻 Full Stack Engineer- Java + React + Banking Domain

## Tech Mahindra — India
<https://careers.techmahindra.com/>

- 💻 Sr. Software Engineer

## Cognizant — India
<https://careers.cognizant.com/india-en/jobs/>

- 💻 Full Stack Engineer- Java + React + Banking Domain

## Internshala (ML) — India
<https://internshala.com/internships/machine-learning-internship/>

- 🎓 🤖 Machine Learning Internships: Find 128 Machine Learning Intern Jobs

## Internshala (SDE) — India
<https://internshala.com/internships/software-development-internship/>

- 🎓 💻 Software Development Internships: 205+ Software Development Intern Jobs
- 🎓 💻 Software Engineer Trainee

## Internshala (AI) — India
<https://internshala.com/internships/artificial-intelligence-internship/>

- 🎓 🤖 Artificial intelligence Internships: Find 146 Artificial intelligence Intern Jobs

## Qualcomm — India
<https://careers.qualcomm.com/careers>

- 🤖 Camera AI Engineer (IoT) Shenzhen, Guangdong, China Software Engineering Posted 10 hours ago

## AMD India — Bengaluru
<https://careers.amd.com/careers-home>

- 🤖 💻 AI Software Engineer

## Tabby — Dubai
<https://tabby.ai/careers>

- 🎓 Senior Tax Associate

## Internshala Pune — Pune
<https://internshala.com/internships/internship-in-pune/>

- 🎓 Relationship Trainee

## Internshala Chennai — Chennai
<https://internshala.com/internships/internship-in-chennai/>

- 🎓 Relationship Trainee

## Internshala Noida — Noida
<https://internshala.com/internships/internship-in-noida/>

- 🎓 Busniess Devlopment Associate
- 🎓 Digital Marketing and Brand Associate
- 🎓 Relationship Trainee

## Internshala Gurgaon — Gurugram
<https://internshala.com/internships/internship-in-gurgaon/>

- 🎓 Busniess Devlopment Associate
- 🎓 Digital Marketing and Brand Associate

## Internshala Dehradun — Dehradun
<https://internshala.com/internships/internship-in-dehradun/>

- 🎓 TRAINEE

## Grab — Singapore
<https://grab.careers/>

- 🎓 Associate, Key Account Management - GrabMart
- 🎓 Senior Associate, Talent Acquisition Business Partner

## MyCareersFuture (ML) — Singapore
<https://www.mycareersfuture.gov.sg/search?search=machine+learning&sortBy=new_posting_date>

- 🎓 If you are a fresh graduate looking for a traineeship opportunity
- 🎓 Junior Executive

## Cashfree — Bengaluru
<https://www.cashfree.com/careers/>

- 🎓 Associate Director - Banking & Alliance Product
- 💻 Software Development Engineer - 3

## Zetwerk — Bengaluru
<https://www.zetwerk.com/careers/>

- 🎓 Associate Program Manager - 2

## Gramener — Hyderabad
<https://gramener.com/careers/>

- 🤖 Data Scientist
- 🤖 Data Scientist Bangalore Validate the models developed against statistical robustness and business sense.
- 🎓 Internship is processed with technical assessment followed by discussion with the hiring manager.
- 🎓 Junior UI/UX Engineer Hyderabad/ Collaborate with marketing and sales teams to design and implement website updates and landing pages.
- 🤖 Lead Data Science Engineer at Gramener
- 🤖 Lead Data Scientist – SFE Analytics Hyderabad Worked extensively on SFE Analytics (Pharma preferred).
- 🤖 Python Developer – GenAI/NLP Integration Hyderabad/Bangalore Core Python Development: 4–8 years of hands-on experience.
- 💻 Senior Full-Stack Developer Bangalore AWS or Azure cloud, Server management with basic visualization.
- 🎓 What is your process for Campus Hiring?

## Pine Labs — Noida
<https://www.pinelabs.com/careers>

- 🎓 Management Trainee Program
- 🎓 Our flagship summer internship program for students from premier B-schools.
- 🎓 Sales Trainee Program

## Fresha — Dubai
<https://www.fresha.com/careers>

- 🎓 Associate Account Manager (Paris) Paris, France · Commercial

## Yulu — Bengaluru
<https://www.yulu.bike/careers/>

- 🎓 Associate Director

## Synechron — Pune
<https://www.synechron.com/careers>

- 🤖 AI Engineer Pune - Hinjewadi (Ascendas), India JR1041344
- 🎓 VisionPlus Project Lead Bengaluru - EC-2 Gateway campus, India JR1040718

## Internshala (Data Science) — India
<https://internshala.com/internships/data-science-internship/>

- 🎓 🤖 Data Science Internships: Find 298 Data Science Intern Jobs

## Internshala (Web Dev) — India
<https://internshala.com/internships/web-development-internship/>

- 🎓 💻 Software Engineer Trainee
- 🎓 Web Development Internships: 309+ Web Development Intern Jobs

## Internshala (Full Stack) — India
<https://internshala.com/internships/full-stack-development-internship/>

- 🎓 💻 Full Stack Development Internships: 101+ Full Stack Development Intern Jobs

## Internshala (Frontend) — India
<https://internshala.com/internships/front-end-development-internship/>

- 🎓 💻 Front End Development Internships: Find 103 Front End Development Intern Jobs

## Internshala (Backend) — India
<https://internshala.com/internships/back-end-development-internship/>

- 🎓 💻 Backend Development Internships: Find 117 Backend Development Intern Jobs

## Internshala (App Dev) — India
<https://internshala.com/internships/mobile-app-development-internship/>

- 🎓 Mobile App Development Internships: Find 61 Mobile App Development Intern Jobs

## Internshala (Bangalore) — Bengaluru
<https://internshala.com/internships/internship-in-bangalore/>

- 🎓 Digital Marketing And Growth Intern
- 🎓 Relationship Trainee

## Internshala (Hyderabad) — Hyderabad
<https://internshala.com/internships/internship-in-hyderabad/>

- 🎓 Relationship Trainee
- 🎓 TRAINEE

## Internshala (Ahmedabad) — Ahmedabad
<https://internshala.com/internships/internship-in-ahmedabad/>

- 🎓 Relationship Trainee

## FreshersWorld — India
<https://www.freshersworld.com/jobs/jobsearch/internship-jobs>

- 🎓 0 (Fresher)
- 🎓 51 Fresher Internship Job vacancies 2026
- 🎓 51 Latest Internship Training 2026 (Internship & Jobs). Updated on 6 July 2026)
- 🤖 AI Developer
- 🤖 AI Developer Jobs
- 🤖 AI ML Engineer
- 🤖 AI ML Engineer Jobs
- 🎓 ARE YOU A FRESHER?
- 🎓 ASSOCIATE
- 🎓 ASSOCIATE CSR
- 🎓 ASSOCIATE CSR Jobs
- 🎓 ASSOCIATE Jobs
- 🎓 Accountant Trainee Jobs Opening in Pearl Lemon at Central Delhi, Delhi Cantt., Delhi-Others, Bangalore, Mumbai, Delhi
- 🎓 Accounting Associate
- 🎓 Accounting Associate Jobs
- 🎓 Accounts Trainee
- 🎓 Accounts Trainee Jobs
- 🎓 Actuarial Associate
- 🎓 Actuarial Associate Jobs
- 💻 Analyst Programmer
- 💻 Analyst Programmer Jobs
- 🎓 Analytical Associate
- 🎓 Analytical Associate Jobs
- 🎓 Apply to Accountant Trainee Jobs in Pearl Lemon, Bangalo...
- 🎓 Apply to B2B Sales Intern Jobs in Uniserv.Tech, Mumbai f...
- 🎓 Apply to B2B Sales Intern Jobs in Value Score Business S...
- 🎓 Apply to Marketing Intern Jobs in P3 Infotech Solutions ...
- 🎓 Apply to Music-Tech Studio Fellow / Intern Jobs in Nath...
- 🎓 Apply to Operations Intern Jobs in Exson proptech privat...
- 🎓 Apply to QA Intern Jobs in Instawork, Bangalore from 0 t...
- 🤖 Apply to Software AI Testing Jobs in PRAM EDUCATE IT SO...
- 🎓 Apply to Software Tester Trainee Jobs in Spraxa Solution...
- 🎓 Apply to the Latest Internship Now on Freshersworld!
- 🎓 Apprentice trainee
- 🎓 Apprentice trainee Jobs
- 🎓 Apprentice trainee engineering
- 🎓 Apprentice trainee engineering Jobs
- 🎓 Associate - Logistics
- 🎓 Associate - Logistics Jobs
- 🎓 Associate - Supply Chain
- 🎓 Associate - Supply Chain Jobs
- 🎓 Associate -HR
- 🎓 Associate -HR Jobs
- 🎓 Associate Accounts Payble
- 🎓 Associate Accounts Payble Jobs
- 🎓 Associate Banking Operations
- 🎓 Associate Banking Operations Jobs
- 🎓 Associate Business Analyst
- 🎓 Associate Business Analyst Jobs
- 🎓 Associate Consultant
- 🎓 Associate Consultant Jobs
- 🎓 Associate Customer
- 🎓 Associate Customer Jobs
- 🎓 Associate Customer Support
- 🎓 Associate Customer Support Jobs
- 🎓 Associate Data Analyst
- 🎓 Associate Data Analyst Jobs
- 🎓 Associate Finance
- 🎓 Associate Finance Jobs
- 🎓 Associate HR
- 🎓 Associate HR Jobs
- 🎓 Associate Hire to Retire
- 🎓 Associate Hire to Retire Jobs
- 🎓 Associate In Process Quality
- 🎓 Associate In Process Quality Jobs
- 🎓 Associate MIS
- 🎓 Associate MIS Jobs
- 🎓 Associate Maintenance
- 🎓 Associate Maintenance Jobs
- 🎓 Associate Network Business Analytics
- 🎓 Associate Network Business Analytics Jobs
- 🎓 Associate Product Manager
- 🎓 Associate Quality Testing
- 🎓 Associate Quality Testing Jobs
- 🎓 Associate Recruiter
- 🎓 Associate Recruiter Jobs
- 🎓 💻 Associate Software Development
- 🎓 💻 Associate Software Development Jobs
- 🎓 Associate UI/UX Designer
- 🎓 Associate UI/UX Designer Jobs
- 🎓 Associate-HR
- 🎓 Associate-HR Jobs
- 🎓 Associate-Procurement
- 🎓 Associate-Procurement Jobs
- 🎓 B2B Sales Intern Jobs Opening in Uniserv.Tech at Goregaon West, Mumbai
- 🎓 B2B Sales Intern Jobs Opening in Value Score Business Solutions LLP at Andheri East, Mumbai
- 💻 Back End Developer
- 🎓 Back office Associate
- 🎓 Back office Associate Jobs
- 🎓 💻 Backend Associate
- 🎓 💻 Backend Associate Jobs
- 🎓 Browse All Internship Vacancies on Freshersworld
- 🎓 Browse these internship roles and find your ideal internship job on Freshersworld.
- 🎓 Campus Hiring Officer
- 🎓 Campus Hiring Officer Jobs
- 🎓 Campus Recruiter
- 🎓 Campus Recruiter Jobs
- 🎓 Can freshers without any prior experience get an internship in India?
- 🤖 Consultant – AI & Data Scientist
- 🤖 Consultant – AI & Data Scientist Jobs
- 💻 Content Management Web Developer
- 💻 Content Management Web Developer Jobs
- 🎓 Credit Card Associate
- 🎓 Credit Card Associate Jobs
- 🎓 Customer Support Associate
- 🎓 Customer Support Associate Jobs
- 🎓 Data Analyst Internship
- 🎓 Data Analyst Internship Jobs
- 🎓 🤖 Data Science Internship
- 🎓 🤖 Data Science Internship Jobs
- 🤖 Data Scientist
- 🤖 Data Scientist Jobs
- 🎓 Digital Associate
- 🎓 Digital Associate Jobs
- 🎓 Digital Content Management New Associate
- 🎓 Digital Content Management New Associate Jobs
- 🎓 Digital Marketing Internship
- 🎓 Digital Marketing Internship Jobs
- 🎓 Enterprise Sales Associate
- 🎓 Enterprise Sales Associate Jobs
- 🎓 Explore some of the most in-demand internship roles and internship programs available this year:
- 🎓 Field Sales Associate
- 🎓 Field Sales Associate Jobs
- 🎓 Finance Internship
- 🎓 Finance Internship Jobs
- 🎓 Floor Associate
- 🎓 Floor Associate Jobs
- 🎓 For Quality Associate
- 🎓 For Quality Associate Jobs
- 🎓 Freshersworld updates its internship listings daily with verified roles from:
- 💻 Full Stack Developer
- 💻 Fullstack Developer
- 💻 Fullstack Developer Jobs
- 🎓 GCPR Sales Associate
- 🎓 GCPR Sales Associate Jobs
- 🎓 Get notified instantly when new internship roles matching your profile are posted.
- 🎓 HR And Admin Trainee
- 🎓 HR And Admin Trainee Jobs
- 🎓 HR Associate
- 🎓 HR Associate Jobs
- 🎓 HR Service Delivery New Associate
- 🎓 HR Service Delivery New Associate Jobs
- 🎓 How important are online certifications for securing an internship?
- 🎓 Inclusive Insurance Associate
- 🎓 Inclusive Insurance Associate Jobs
- 🎓 Internship
- 🎓 Internship Jobs
- 🎓 Internship Jobs In Ahmedabad
- 🎓 Internship Jobs In Bangalore
- 🎓 Internship Jobs In Chennai
- 🎓 Internship Jobs In Delhi
- 🎓 Internship Jobs In Gurgaon
- 🎓 Internship Jobs In Hyderabad
- 🎓 Internship Jobs In Kolkata
- 🎓 Internship Jobs In Mumbai
- 🎓 Internship Jobs In Noida
- 🎓 Internship Jobs In Pune
- 🎓 Internship Jobs in your city
- 🎓 Internship Opportunities by City
- 🎓 Internship Vacancies – Your Gateway to the Latest Internships in India for Freshers
- 🎓 Inventory Squad Associate
- 🎓 Inventory Squad Associate Jobs
- 💻 Java Fullstack Developer
- 💻 Java Fullstack Developer Jobs
- 🎓 Jr Associate
- 🎓 Jr Associate Jobs
- 🎓 💻 Junior Software Developer
- 🎓 💻 Junior Software Developer Jobs
- 🎓 Keep it short, professional, and specific to each internship application.
- 🎓 Latest 51 Internship Jobs Openings 2026
- 🎓 Latest Internship Jobs
- 🎓 Latest Internship Openings on Freshersworld
- 🎓 Legal Associate Legal Completions
- 🎓 Legal Associate Legal Completions Jobs
- 🎓 Loader Operation Associate
- 🎓 Loader Operation Associate Jobs
- 🎓 MANGEMENT ASSOCIATE
- 🎓 MANGEMENT ASSOCIATE Jobs
- 🤖 ML Engineer
- 🤖 ML Engineer Jobs
- 🤖 Machine Learning Engineer
- 🤖 Machine Learning Engineer Jobs
- 🤖 Machine Learning Scientist
- 🤖 Machine Learning Scientist Jobs
- 🎓 Machining Associate
- 🎓 Machining Associate Jobs
- 🎓 Management Trainee
- 🎓 Management Trainee Jobs
- 🎓 Many companies offer Pre-Placement Offers (PPOs) to top-performing interns, converting your internship into a permanent role.
- 🎓 Market Research Associate
- 🎓 Market Research Associate Jobs
- 🎓 Market Research Trainee
- 🎓 Market Research Trainee Jobs
- 🎓 Marketing Intern Jobs Opening in P3 Infotech Solutions Pvt Ltd at Gurgaon-Others, Gurgaon
- 🎓 Mechanical Trainee
- 🎓 Mechanical Trainee Jobs
- 🎓 Middle Office Risk Support Associate
- 🎓 Middle Office Risk Support Associate Jobs
- 🎓 Music-Tech Studio Fellow / Intern Jobs Opening in Nathaniel School of Music at Bangalore
- 🎓 Naps /WILP Trainee ( Production
- 🎓 Naps /WILP Trainee ( Production Jobs
- 🎓 Operations Intern Jobs Opening in Exson proptech private limited at Bhopal-Others, Bhopal
- 🎓 Other Graduate
- 🎓 Other Post Graduate
- 🎓 PTP Associate
- 🎓 PTP Associate Jobs
- 🎓 Paid Internship
- 🎓 Paid Internship Jobs
- 💻 Principal Software Engineer IT
- 💻 Principal Software Engineer IT Jobs
- 🎓 Process Associate Trainee
- 🎓 Process Associate Trainee Jobs
- 🎓 Procure to Pay Associate
- 🎓 Procure to Pay Associate Jobs
- 🎓 Procure to Pay New Associate
- 🎓 Procure to Pay New Associate Jobs
- 🎓 Procurement Associate
- 🎓 Procurement Associate Jobs
- 🎓 Production Trainee
- 🎓 Production Trainee Jobs
- 🎓 Program Management Associate
- 🎓 Program Management Associate Jobs
- 🎓 Project Management Associate
- 🎓 Project Management Associate Jobs
- 🎓 QA Intern Jobs Opening in Instawork at Koramangala, Bangalore
- 🎓 Quality Assurance Trainee
- 🎓 Quality Assurance Trainee Jobs
- 🎓 Regulatory Affairs associate
- 🎓 Regulatory Affairs associate Jobs
- 🎓 Regulatory Associate
- 🎓 Regulatory Associate Jobs
- 🎓 Regulatory Operation Associate
- 🎓 Regulatory Operation Associate Jobs
- 🎓 Regulatory Operations Associate
- 🎓 Regulatory Operations Associate Jobs
- 💻 Remote Front End Developer
- 💻 Remote Front End Developer Jobs
- 💻 Remote Software Developer
- 💻 Remote Software Developer Jobs
- 💻 Remote Software Engineer
- 💻 Remote Software Engineer Jobs
- 💻 Remote Web Developer
- 💻 Remote Web Developer Jobs
- 🎓 SAP FICO Associate Consultant
- 🎓 SAP FICO Associate Consultant Jobs
- 🎓 Sales Associate
- 🎓 Sales Associate FMCG
- 🎓 Sales Associate FMCG Jobs
- 🎓 Sales Associate Jobs
- 🎓 Sales Trainee
- 🎓 Sales Trainee Jobs
- 🎓 Salesforce Trainee
- 🎓 Salesforce Trainee Jobs
- 🎓 Senior Associate
- 🎓 Senior Associate - HR
- 🎓 Senior Associate - HR Jobs
- 🎓 Senior Associate Jobs
- 🎓 Senior Associate Order to Cash
- 🎓 Senior Associate Order to Cash Jobs
- 💻 Senior Front End Developer
- 💻 Senior Front End Developer Jobs
- 💻 Senior Full Stack Developer
- 💻 Senior Full Stack Developer Jobs
- 🎓 Senior Sales Associate
- 🎓 Senior Sales Associate Jobs
- 💻 Senior Software Developer
- 💻 Senior Software Developer Jobs
- 💻 Senior Software Engineer
- 💻 Senior Software Engineer Jobs
- 🎓 Senior sale associate
- 🎓 Senior sale associate Jobs
- 🤖 Software AI Testing Jobs Opening in PRAM EDUCATE IT SOFTWARE LLP at Wakad, Pune-Others, Pune
- 💻 Software Developer
- 💻 Software Developer Jobs
- 💻 Software Engineer
- 🎓 💻 Software Engineer - Trainee
- 🎓 💻 Software Engineer - Trainee Jobs
- 💻 Software Engineer II
- 💻 Software Engineer II Jobs
- 💻 Software Engineer Jobs
- 🎓 Software Tester Trainee Jobs Opening in Spraxa Solutions Pvt Ltd. at Noida City Centre, Sector 15, Noida, Sector 18, Noida, Noida
- 💻 Sr Software Engineer
- 💻 Sr Software Engineer Jobs
- 🎓 Summer Internship
- 🎓 Summer Internship Jobs
- 🎓 Supply chain trainee
- 🎓 Supply chain trainee Jobs
- 🎓 Technical Associate
- 🎓 Technical Associate Jobs
- 🎓 Technical Support Associate
- 🎓 Technical Support Associate Jobs
- 🎓 Tele Calling Associate Sales A
- 🎓 Tele Calling Associate Sales A Jobs
- 🎓 Tips to Get Selected for an Internship
- 🎓 To stand out in the competitive landscape of internship applications:
- 🎓 Top Internship Roles Hiring in India (2026)
- 🎓 Trainee Apprentice
- 🎓 Trainee Apprentice Jobs
- 🎓 Trainee EGC
- 🎓 Trainee EGC Jobs
- 🎓 Trainee Engineer
- 🎓 Trainee Engineer Jobs
- 🎓 Trainee Operator
- 🎓 Trainee Operator Jobs
- 🎓 Trainee Store Risk Management
- 🎓 Trainee Store Risk Management Jobs
- 🎓 Transaction Processing New Associate
- 🎓 Transaction Processing New Associate Jobs
- 🎓 Transaction processing associate
- 🎓 Transaction processing associate Jobs
- 💻 Web Developer
- 💻 Web Developer Jobs
- 🎓 What is the best way to find verified internship opportunities in India?
- 🎓 Work From Home Internship
- 🎓 Work From Home Internship Jobs
- 🎓 franchise associate
- 🎓 franchise associate Jobs
- 🎓 internship vacancies
- 🎓 production trainee
- 🎓 production trainee Jobs
- 🎓 transaction new associate
- 🎓 transaction new associate Jobs

## YC Work at a Startup — Remote
<https://www.workatastartup.com/jobs>

- 💻 Frontend Engineer
- 💻 Fullstack Engineer

## AICTE Internship Portal — India
<https://internship.aicte-india.org/>

- 🎓 1 Crore Internship By 2027 | 79,57,193+ Internships | 82216 Companies

## HealthKart — Gurugram
<https://www.healthkart.com/careers>

- 💻 Senior Java Software Engineer

## Airwallex — Singapore
<https://www.airwallex.com/careers>

- 🎓 Issuing Risk Operations Associate Operations Management EMEA, London
- 💻 Principal Software Engineer, Tech Platform, Edge Team Engineering APAC, Singapore
- 🎓 Senior Associate, Revenue Operations Operations Management Operations Management • San Francisco Americas , San Francisco San Francisco
- 💻 Senior Software Engineer, Lending Engineering Engineering • Singapore APAC , Singapore Singapore
- 💻 Staff Software Engineer, Scale Engineering EMEA, London

## Entropik — Bengaluru
<https://www.entropik.io/careers>

- 🤖 AI Engineer 13 days ago Chennai 2-3 years Full Time
- 🤖 Senior AI Engineer 17 days ago Chennai 4-6 years Full Time
- 💻 Senior Backend Engineer 0 day ago Chennai , Chennai 3-6 years Full Time
- 💻 Senior Software Engineer - Backend + DevOps 3 days ago Chennai 3-6 years Full Time

## Nettechnocrats — Ahmedabad
<https://www.nettechnocrats.com/careers/>

- 💻 We develop innovative digital solutions that enhance Software Development, Cloud & DevOps etc.

# 🔔 New career-page entries — 2026-07-06T15:33:23

## Capgemini — India
<https://www.capgemini.com/in-en/careers/join-capgemini/job-search/>

- 🤖 Azure Databricks Engineer Pune, Mumbai (ex Bombay), Bangalore, Hyderabad, Chennai (ex Madras) Data & AI Permanent Experienced Professionals
- 🤖 Data Engineer Pune Data & AI Permanent Experienced Professionals
- 💻 Lead Software Engineer Pune Software Engineering Permanent Experienced Professionals

## IBM — India
<https://www.ibm.com/in-en/careers/career-opportunities>

- 🎓 Entry level Brand Sales Specialist - Luxembourg
- 🎓 Junior SAP Support Consultant (PP/QM) - German

## Keka HR — Hyderabad
<https://www.keka.com/careers>

- Hiring & Onboarding
- Hiring & Onboarding Create a great candidate experience before and after joining
- Hiring Software
- We are hiring !

## Swiggy — Bengaluru
<https://careers.swiggy.com/>

- Executive - video editor

## ShareChat — Bengaluru
<https://sharechat.com/careers>

- 🎓 Intern - Content Moderation(Tamil and Hindi)

## Internshala (ML) — India
<https://internshala.com/internships/machine-learning-internship/>

- 🎓 1. Work on live projects. 2. Perform live project tasks day-by-day during the internship. 3. Learn and implement new features or functions.
- 🎓 🤖 Machine Learning Internships: Find 129 Machine Learning Intern Jobs

## Internshala (SDE) — India
<https://internshala.com/internships/software-development-internship/>

- 🎓 💻 Software Development Internships: 208+ Software Development Intern Jobs

## Internshala (AI) — India
<https://internshala.com/internships/artificial-intelligence-internship/>

- 🎓 1. Work on live projects. 2. Perform live project tasks day-by-day during the internship. 3. Learn and implement new features or functions.
- 🎓 🤖 Artificial intelligence Internships: Find 150 Artificial intelligence Intern Jobs

## YCombinator Jobs — Bengaluru
<https://www.ycombinator.com/jobs/location/bengaluru>

- 🤖 Vahan (S19) • AI recruiter for India's massive blue-collar workforce ( 14 days ago)

## Qualcomm — India
<https://careers.qualcomm.com/careers>

- 💻 1. Senior Software Developer
- 💻 2. Staff Software Developer
- 💻 3. Software Developer
- 🎓 💻 4. Associate Software Developer
- 💻 5. Senior Software Engineer
- 💻 Embedded Software Engineer, Staff - Cork, Ireland Cork, Ireland Software Engineering Posted 16 hours ago
- 🤖 Engineer, Staff-Machine Learning-Tools Hyderabad, Telangana, India Software Engineering Posted 16 hours ago
- 💻 IT Software Developer, Staff (Apigee)
- 💻 IT Software Developer, Staff (Apigee) San Diego, California, United States of America IT Software Developer Posted 16 hours ago
- 💻 Information Technology Group, Information Technology Group > IT Software Developer

## AMD India — Bengaluru
<https://careers.amd.com/careers-home>

- 🤖 ASIC Design Engineer, ML Processor & Digital IP
- 🎓 Co-Op/ Intern
- 🤖 Principal Open Source AI/ML Solutions Engineer
- 🎓 Student / Intern / Temp

## Internshala Noida — Noida
<https://internshala.com/internships/internship-in-noida/>

- 🎓 International Customer Service: The Coolest Weekend Internship

## Internshala Gurgaon — Gurugram
<https://internshala.com/internships/internship-in-gurgaon/>

- 🎓 International Customer Service: The Coolest Weekend Internship

## Signzy — Bengaluru
<https://www.signzy.com/careers/>

- 🎓 Associate Director - Enterprise Sales 867 days ago Chennai 7 years - 10 years Full Time
- 🎓 Sales Associate 13 days ago Mumbai 1 - 2 years Full Time

## Wingify — Pune
<https://wingify.com/careers/>

- 🤖 GenAI Engineer
- 💻 Senior Software Engineer - Client Services
- 💻 Software Engineer - QA (Client Services team)
- 💻 Software Engineer – Full Stack

## Thunes — Singapore
<https://www.thunes.com/careers/>

- 🎓 Enterprise Singapore Graduate Scheme

## Internshala (Data Science) — India
<https://internshala.com/internships/data-science-internship/>

- 🎓 1. Work on live projects. 2. Perform live project tasks day-by-day during the internship. 3. Learn and implement new features or functions.
- 🎓 🤖 Data Science Internships: Find 301 Data Science Intern Jobs

## Internshala (Web Dev) — India
<https://internshala.com/internships/web-development-internship/>

- 🎓 Web Development Internships: 314+ Web Development Intern Jobs

## Internshala (Python) — India
<https://internshala.com/internships/python-internship/>

- 🎓 1. Work on live projects. 2. Perform live project tasks day-by-day during the internship. 3. Learn and implement new features or functions.
- 🎓 Python Internships: Find 243 Python Intern Jobs

## Internshala (Full Stack) — India
<https://internshala.com/internships/full-stack-development-internship/>

- 🎓 💻 Full Stack Development Internships: 103+ Full Stack Development Intern Jobs

## Internshala (Frontend) — India
<https://internshala.com/internships/front-end-development-internship/>

- 🎓 💻 Front End Development Internships: Find 104 Front End Development Intern Jobs

## Internshala (Backend) — India
<https://internshala.com/internships/back-end-development-internship/>

- 💻 MERN Stack Web Developer

## Internshala (App Dev) — India
<https://internshala.com/internships/mobile-app-development-internship/>

- 🎓 Mobile App Development Internships: Find 64 Mobile App Development Intern Jobs

## YC Work at a Startup — Remote
<https://www.workatastartup.com/jobs>

- 🎓 Engineering Intern
- 💻 Senior Software Engineer, Journeys Team (Fullstack)

## AICTE Internship Portal — India
<https://internship.aicte-india.org/>

- 🎓 1 Crore Internship By 2027 | 79,57,193+ Internships | 82221 Companies

## Airwallex — Singapore
<https://www.airwallex.com/careers>

- 🤖 Engineering Manager, AI Tooling Engineering Engineering • Sydney APAC , Sydney Sydney
- 💻 Principal Software Engineer, Tech Platform, Edge Team Engineering Singapore
- 🤖 Senior Data Scientist, Analytics (Regulatory Reporting) Product Singapore
- 💻 Senior Fullstack Engineer, Scale Engineering EMEA, London
- 💻 Senior Software Engineer, Infrastructure & Productivity Engineering Engineering • Shanghai APAC , Shanghai Shanghai
- 💻 Software Engineer II (iOS), Financial Platform Engineering Engineering • Singapore APAC , Singapore Singapore

## Nevina Infotech — Ahmedabad
<https://nevinainfotech.com/career>

- 💻 Hire Web Developer

## NectarBits — Ahmedabad
<https://nectarbits.com/career>

- 💻 Cost to Hire Full Stack Developer

## Bitcot — Ahmedabad
<https://www.bitcot.com/careers/>

- 💻 Hire Full Stack Developer
- 🎓 Junior NodeJS Developer
- 🎓 Junior PHP Developer
- 🎓 Junior ReactJS Developer
- 🎓 Junior WordPress Developer
- 💻 Senior Web Developer

